GEOID,fafood2,fitness2,park2
36005000200,0.004637429,0.067538671,0.002810238
36005000400,0.004802808,0.058675753,0.002783582
36005001600,0.005285527,0.031024565,0.004573683
36005001900,0.008084783,0.074042232,0.004116923
36005002000,0.005564402,0.022219647,0.004313491
36005002500,0.009287234,0.092881613,0.004242207
36005002702,0.006043535,0.074082123,0.004094164
36005002800,0.006627039,0.024823951,0.00456867
36005003100,0.0064771,0.089915863,0.003829741
36005003300,0.004528442,0.085992429,0.003472797
36005003500,0.005159497,0.094671661,0.004266444
36005003800,0.00531696,0.020103452,0.004373608
36005003900,0.010245037,0.092894745,0.005114686
36005004001,0.005687066,0.016984352,0.004847423
36005004100,0.009253255,0.099397779,0.004954564
36005004200,0.005637594,0.014386955,0.004296013
36005004300,0.009381736,0.099598169,0.005027914
36005004400,0.005857731,0.012910586,0.004742341
36005004600,0.005769244,0.014899587,0.004039245
36005004800,0.007265533,0.020367081,0.004989296
36005005001,0.0066487,0.021916581,0.004524612
36005005002,0.006833651,0.027955936,0.004844006
36005005200,0.008029413,0.031553247,0.004961674
36005005400,0.00744513,0.031392159,0.004991852
36005005600,0.007132594,0.024519062,0.005069237
36005005902,0.008498886,0.095871198,0.006512532
36005006000,0.007386368,0.021664691,0.005499963
36005006100,0.008797028,0.098426357,0.006120848
36005006200,0.006475746,0.020882269,0.005857446
36005006300,0.010566228,0.09926499,0.005668318
36005006400,0.006929143,0.017027461,0.00522977
36005006700,0.009109282,0.11615018,0.005818399
36005006800,0.005966611,0.014108706,0.004776384
36005006900,0.007032262,0.098653396,0.007410745
36005007000,0.006141371,0.01404393,0.005280876
36005007100,0.008640456,0.118842199,0.006400931
36005007200,0.005666845,0.016275149,0.005166218
36005007400,0.004985311,0.03542587,0.004487015
36005007500,0.009429274,0.106849177,0.005739061
36005007600,0.006344093,0.01591306,0.005550985
36005007700,0.013327756,0.091689238,0.006157001
36005007800,0.00567997,0.020269598,0.004707655
36005008300,0.007111981,0.106158876,0.004386851
36005008400,0.004851186,0.067000057,0.003528205
36005008500,0.00861157,0.082158138,0.004919076
36005008600,0.005170538,0.045831782,0.004142959
36005008700,0.0087733,0.075640407,0.006084706
36005008900,0.007948623,0.05975456,0.007599291
36005009000,0.004956916,0.080429395,0.003416014
36005009200,0.005991141,0.02038328,0.004662715
36005009300,0.00739705,0.068644871,0.005096467
36005009600,0.00506638,0.030331587,0.00482942
36005009800,0.005232794,0.023232599,0.004426768
36005011502,0.007136499,0.043357712,0.004511256
36005011700,0.007817955,0.046723782,0.00382997
36005011800,0.004856584,0.041690184,0.003112535
36005011900,0.009241425,0.039718972,0.005635395
36005012101,0.00958809,0.034733467,0.006202344
36005012300,0.010329942,0.028118156,0.005632044
36005012500,0.010429992,0.041302961,0.006723449
36005012701,0.010404041,0.039442333,0.005642634
36005012901,0.010539922,0.071323762,0.008786003
36005013000,0.005177504,0.064483035,0.004012223
36005013100,0.010409253,0.058829223,0.008086227
36005013200,0.004146346,0.044511819,0.003408733
36005013300,0.011806707,0.085103117,0.008559186
36005013500,0.011139036,0.072098973,0.011738348
36005013800,0.003921233,0.050386135,0.003296495
36005014100,0.00828342,0.09189244,0.006879754
36005014300,0.011066589,0.088518971,0.011304896
36005014400,0.004373611,0.076709119,0.003962777
36005014900,0.010195171,0.056710793,0.007301948
36005015100,0.010480511,0.047083067,0.007036758
36005015200,0.004291545,0.070504312,0.003934481
36005015300,0.011051664,0.034015455,0.006783698
36005015500,0.009401399,0.033654198,0.007438001
36005015700,0.008745385,0.031004549,0.005503256
36005015800,0.0042662,0.076140461,0.004421699
36005015900,0.009334827,0.052925801,0.00595498
36005016000,0.003902675,0.085016962,0.003928362
36005016200,0.003960511,0.08078387,0.004286718
36005016400,0.004696079,0.071208968,0.004787148
36005016500,0.008849075,0.043317719,0.00913586
36005016600,0.004224345,0.060718641,0.004412706
36005016700,0.009005841,0.046764881,0.008944257
36005016900,0.010276634,0.0483851,0.00946795
36005017300,0.008329084,0.093535033,0.008617684
36005017701,0.010672979,0.07214207,0.010810647
36005017702,0.009476589,0.062673468,0.015574484
36005017901,0.010354421,0.068705701,0.012981669
36005018101,0.009130233,0.084013782,0.015132234
36005018102,0.007930074,0.085596463,0.013841881
36005018301,0.007667736,0.0983651,0.009409609
36005018302,0.008269562,0.100926709,0.011384655
36005018400,0.006190927,0.050338219,0.005574362
36005018500,0.012642556,0.077552641,0.009479176
36005018900,0.008831894,0.086296145,0.007091577
36005019400,0.005417866,0.036363464,0.004789996
36005019500,0.007735243,0.101108963,0.0123495
36005019900,0.006404498,0.082295132,0.014218254
36005020000,0.005945076,0.039071447,0.005496375
36005020100,0.006447442,0.073444605,0.012198147
36005020200,0.005648095,0.034531923,0.005310577
36005020400,0.006557456,0.033083299,0.005258323
36005020501,0.006336834,0.056230932,0.011632834
36005020502,0.008086802,0.054156008,0.010966947
36005020601,0.006201998,0.02899297,0.004739142
36005021001,0.006668265,0.022018044,0.005517504
36005021002,0.006707517,0.022519882,0.004992158
36005021100,0.006946754,0.076517391,0.011274028
36005021200,0.00672244,0.016831665,0.005710964
36005021301,0.007202245,0.058670832,0.012404225
36005021502,0.007579821,0.054246739,0.010436027
36005021601,0.007172762,0.016732199,0.005501019
36005021602,0.006738772,0.01468664,0.005885921
36005021700,0.007505758,0.050571505,0.008154468
36005021800,0.006104223,0.017621548,0.005492206
36005022000,0.008125241,0.023363609,0.005568619
36005022102,0.009197988,0.064909297,0.011262523
36005022200,0.006252833,0.020410445,0.005291496
36005022401,0.006496786,0.037537445,0.007104324
36005022403,0.007162112,0.043622222,0.008237989
36005022404,0.007505376,0.040780969,0.006050219
36005022500,0.007744751,0.059134045,0.010157758
36005022701,0.007553181,0.054180187,0.008660981
36005022800,0.008093027,0.038013542,0.006759117
36005022901,0.007517855,0.053810194,0.007345119
36005022902,0.008106599,0.052837254,0.008364753
36005023000,0.00717075,0.035091062,0.005361026
36005023100,0.008140135,0.047976337,0.008016348
36005023200,0.007413025,0.029595541,0.005742531
36005023502,0.007654425,0.048823295,0.008138533
36005023600,0.00762048,0.027099089,0.006084965
36005023800,0.007016911,0.026690395,0.005535536
36005023900,0.006777374,0.053624294,0.010503683
36005024000,0.007872226,0.018515306,0.005667922
36005024100,0.00772029,0.052881503,0.008753108
36005024300,0.007436157,0.056461377,0.009686273
36005024400,0.007796827,0.031726051,0.005424783
36005024501,0.007756303,0.057528142,0.009132937
36005024502,0.007193783,0.057052983,0.008855759
36005024600,0.007634527,0.035332173,0.005789061
36005024700,0.00768978,0.057463487,0.010426679
36005024800,0.008472797,0.037185757,0.006144868
36005025000,0.008712155,0.033985919,0.005910875
36005025100,0.006979578,0.055197778,0.009511077
36005025200,0.007162218,0.031490329,0.005826905
36005025300,0.006402668,0.055539018,0.010307129
36005025400,0.007472647,0.032531233,0.005669206
36005025500,0.006710826,0.057489697,0.010441432
36005025600,0.006350571,0.032586545,0.005275026
36005025700,0.007196129,0.06917599,0.010206473
36005026100,0.00661053,0.056726592,0.010771394
36005026300,0.006255127,0.052600235,0.010799107
36005026400,0.005879883,0.044179887,0.00613275
36005026500,0.006028265,0.053732792,0.0105545
36005026601,0.005720084,0.038796027,0.00579641
36005026602,0.005924917,0.037768728,0.006337431
36005026701,0.006513906,0.063545254,0.012539452
36005026702,0.006329613,0.066872495,0.013131608
36005026900,0.006576719,0.056582446,0.010644655
36005027300,0.006990764,0.065848989,0.013694204
36005027401,0.005736002,0.061312947,0.005773805
36005027402,0.005715262,0.062418215,0.00524431
36005027700,0.006848434,0.066771026,0.013569511
36005027900,0.006588223,0.057973546,0.014569689
36005028100,0.006623095,0.057267491,0.013068125
36005028300,0.007030318,0.066394963,0.013404936
36005028400,0.005986183,0.039175993,0.006190877
36005028500,0.006843405,0.065921074,0.014981848
36005028600,0.00711883,0.029475754,0.006301407
36005028700,0.006683644,0.067063298,0.014692523
36005028800,0.007714201,0.039021125,0.006113459
36005028900,0.006836288,0.064920836,0.014566659
36005029301,0.007780676,0.074132127,0.013749032
36005029302,0.007537368,0.068092393,0.014577022
36005029500,0.007014792,0.069895711,0.014458139
36005029600,0.007266215,0.036262513,0.006238292
36005029700,0.006928621,0.066942936,0.013850701
36005030000,0.006258769,0.040751156,0.005873648
36005030100,0.007066669,0.06984376,0.013978109
36005030200,0.005874933,0.054430246,0.006242924
36005030701,0.007639784,0.067831548,0.016191604
36005030900,0.00759091,0.070403951,0.01647948
36005031000,0.006480428,0.047848505,0.006459202
36005031200,0.006935471,0.045945088,0.006123373
36005031400,0.007031209,0.045041346,0.006648575
36005031600,0.006841449,0.04387786,0.006896508
36005031800,0.007272934,0.045142646,0.008376624
36005032300,0.006848101,0.065853671,0.013057674
36005032400,0.007251235,0.04476145,0.010416072
36005032600,0.00713465,0.042432981,0.008801832
36005032800,0.006916755,0.045284854,0.010419489
36005033000,0.006931323,0.048469611,0.010411716
36005033201,0.007020254,0.045316798,0.009954539
36005033202,0.006248955,0.049468487,0.010496514
36005033400,0.007114219,0.046076128,0.008651295
36005033500,0.007174164,0.066283592,0.014671314
36005033600,0.006463095,0.053867382,0.011904305
36005033700,0.006596322,0.064526878,0.013323968
36005033800,0.006167232,0.053268273,0.012566794
36005034000,0.006319417,0.053014896,0.010319047
36005034200,0.006459192,0.049935305,0.010832565
36005034300,0.00655749,0.069037559,0.012657019
36005034400,0.006332264,0.050682627,0.010325515
36005034500,0.006377221,0.065903169,0.012256981
36005034800,0.005992969,0.048252794,0.01055611
36005035000,0.006664782,0.049781889,0.010030309
36005035100,0.00658175,0.064665646,0.013834396
36005035600,0.006347648,0.050819427,0.006701608
36005035800,0.006366916,0.052763528,0.010023277
36005035900,0.007994795,0.026885624,0.005543026
36005036000,0.006636199,0.050823325,0.007957883
36005036100,0.007936046,0.025735349,0.005886297
36005036300,0.007913439,0.032279764,0.006522469
36005036400,0.006122176,0.049209599,0.011293483
36005036501,0.007547022,0.032332948,0.006237463
36005036502,0.008400928,0.029031257,0.005400633
36005036700,0.008054621,0.029084713,0.005665883
36005036800,0.006705392,0.046958942,0.010391623
36005036902,0.007675652,0.031302733,0.007374322
36005037000,0.006629156,0.052223106,0.011296427
36005037100,0.007385047,0.033560747,0.006719203
36005037200,0.00671148,0.051780493,0.011288354
36005037300,0.007838847,0.040388922,0.008654043
36005037400,0.006819371,0.051834847,0.010424582
36005037504,0.007661736,0.043444955,0.010063701
36005037600,0.006407049,0.053905661,0.010148895
36005037800,0.006832106,0.057641043,0.010829854
36005037900,0.007430765,0.047977743,0.009164741
36005038000,0.006480841,0.051188517,0.010056011
36005038100,0.00784164,0.050204929,0.009228642
36005038200,0.006285737,0.046434592,0.0105479
36005038301,0.006758476,0.057888057,0.010695016
36005038500,0.007181235,0.050138133,0.011705964
36005038600,0.00605104,0.048300406,0.010096225
36005038700,0.007259597,0.047188319,0.009388878
36005038800,0.006192839,0.048545119,0.010433577
36005038900,0.006799662,0.046843989,0.008760578
36005039000,0.006575709,0.05227309,0.010638717
36005039100,0.007754144,0.042578145,0.009064825
36005039200,0.006791811,0.058604361,0.011257556
36005039300,0.007840444,0.040016978,0.007577968
36005039400,0.006840526,0.056738845,0.01104075
36005039500,0.007981014,0.043879779,0.009326349
36005039600,0.00651828,0.054899251,0.011704485
36005039700,0.007405542,0.049232712,0.009913364
36005039800,0.006496652,0.048379932,0.010752812
36005039901,0.006324605,0.05213673,0.010650622
36005040303,0.006458757,0.059439611,0.015496235
36005040400,0.006504041,0.04835222,0.011073445
36005040501,0.00643601,0.057929399,0.013781119
36005040502,0.006859396,0.056470063,0.011709183
36005040600,0.006582777,0.052726354,0.011940095
36005040702,0.007449259,0.058274647,0.013427416
36005040800,0.00658428,0.056605935,0.011442946
36005040900,0.006948579,0.057550405,0.013674436
36005041100,0.007103613,0.056403302,0.011157626
36005041300,0.007356634,0.056012504,0.011850437
36005041400,0.0058784,0.055640693,0.011200405
36005041800,0.006794079,0.058564906,0.011669201
36005041900,0.007541358,0.055002979,0.012752408
36005042000,0.006630692,0.054994837,0.010891259
36005042100,0.007308231,0.055785158,0.012614658
36005042200,0.006632928,0.052242913,0.010930465
36005042300,0.007186698,0.054864475,0.012619941
36005042400,0.006686531,0.050151845,0.010497536
36005042500,0.00707819,0.051801413,0.012615865
36005042600,0.006120244,0.050930693,0.010605195
36005042800,0.006590429,0.050966778,0.01067769
36005042901,0.00674731,0.055213461,0.011357536
36005043000,0.006046007,0.049638485,0.011203466
36005043400,0.00628129,0.053179054,0.009828496
36005043600,0.006234166,0.0507865,0.010751116
36005044200,0.005879091,0.053362047,0.011429598
36005044400,0.006172952,0.052377214,0.011291124
36005044800,0.006412244,0.049716204,0.009966787
36005044901,0.006888002,0.057576069,0.011772245
36005044902,0.00700278,0.056441422,0.011982594
36005045101,0.006623706,0.057020774,0.011397499
36005045102,0.006583575,0.056674168,0.011599819
36005045600,0.006471579,0.053289069,0.008652289
36005046000,0.005917845,0.048530088,0.010240567
36005046201,0.007243011,0.052532714,0.008964902
36005046202,0.006854346,0.051042127,0.011166747
36005048400,0.005786366,0.049870473,0.010752562
36005051600,0.004245476,0.085170082,0.004239133
36047000100,0.026026415,0.057938851,0.021748021
36047000200,0.014867796,0.017421403,0.021958474
36047000301,0.036289888,0.061420728,0.02008315
36047000501,0.041780996,0.061509913,0.016916027
36047000502,0.039808542,0.060204216,0.016619261
36047000700,0.048887819,0.051732438,0.021229349
36047000900,0.045970598,0.058569932,0.018154052
36047001100,0.04385039,0.062661737,0.017265454
36047001300,0.037438089,0.057903062,0.017349496
36047001500,0.043803233,0.061313556,0.015683335
36047002000,0.014618618,0.018389157,0.019884844
36047002100,0.027160491,0.055061913,0.019312663
36047003000,0.011025341,0.025013184,0.016736574
36047003100,0.051074741,0.063904562,0.015301098
36047003300,0.073876455,0.046785905,0.016448751
36047003400,0.011471414,0.031982168,0.015483377
36047003500,0.070942597,0.040869774,0.018663323
36047003600,0.009155808,0.025278612,0.015815503
36047003700,0.04583231,0.060649155,0.015883765
36047003800,0.011887344,0.03393929,0.01707298
36047003900,0.074832207,0.035863499,0.018056965
36047004100,0.06411812,0.054904261,0.018738941
36047004300,0.059287478,0.058368513,0.019687612
36047004400,0.011814993,0.032487184,0.017195554
36047004500,0.057495938,0.054343423,0.02195374
36047004600,0.010091422,0.03196672,0.016807919
36047004700,0.055893547,0.051059566,0.020334769
36047004900,0.061657336,0.0521784,0.020228199
36047005000,0.009646894,0.030439925,0.016508554
36047005100,0.043276062,0.050583203,0.026660038
36047005201,0.010316016,0.02745181,0.014659445
36047005202,0.008891888,0.028586829,0.015460431
36047005300,0.024681525,0.047558441,0.037199222
36047005400,0.008203417,0.026605988,0.016477005
36047005601,0.008533201,0.027195352,0.01568852
36047005602,0.008343271,0.024995782,0.016796732
36047005800,0.009823826,0.020168474,0.015970071
36047005900,0.037419198,0.0503718,0.034689542
36047006000,0.009959412,0.021619872,0.014881651
36047006200,0.00959066,0.019237435,0.015035603
36047006300,0.049242747,0.049512328,0.025364382
36047006400,0.009691082,0.022095221,0.015591649
36047006500,0.044294673,0.039191493,0.037928232
36047006600,0.009496286,0.020832676,0.016954273
36047006700,0.055725933,0.051512384,0.025346332
36047006800,0.010700562,0.0246654,0.015124482
36047006900,0.071568501,0.055440551,0.023746225
36047007000,0.008745793,0.025696206,0.01625943
36047007100,0.080816592,0.052277309,0.02222935
36047007200,0.009020163,0.029715588,0.016744171
36047007400,0.009610113,0.020182169,0.020605667
36047007500,0.050554833,0.057905515,0.031118908
36047007600,0.011796746,0.019762375,0.025447841
36047007700,0.039722315,0.031294275,0.044232388
36047007800,0.014005882,0.020758951,0.025225222
36047008000,0.012741937,0.021066575,0.025730851
36047008200,0.013743511,0.019587732,0.022985496
36047008400,0.01832592,0.014651682,0.023085828
36047008800,0.018667135,0.015855698,0.024165771
36047009000,0.013159139,0.014169431,0.037542252
36047009200,0.015599238,0.013205701,0.043195613
36047009400,0.018911664,0.015814299,0.042935687
36047009600,0.015334417,0.017399318,0.044863895
36047009800,0.013715734,0.022038445,0.042123435
36047010000,0.014221904,0.019091694,0.02666204
36047010100,0.022754405,0.011613307,0.026046489
36047010200,0.013626387,0.018630495,0.030735667
36047010400,0.014223976,0.016738225,0.035526129
36047010600,0.015746354,0.017004161,0.044448122
36047010800,0.015310517,0.015429805,0.046598746
36047011000,0.011905392,0.010949072,0.037594977
36047011200,0.011953285,0.013094747,0.049673429
36047011400,0.013261124,0.014649982,0.046293639
36047011600,0.013347048,0.01388147,0.046634187
36047011700,0.030003108,0.015599536,0.040303252
36047011800,0.012842566,0.017059625,0.025166162
36047011900,0.038404172,0.028433552,0.037415252
36047012000,0.011994553,0.015627693,0.02623263
36047012100,0.028509708,0.017983782,0.034834779
36047012200,0.0092027,0.021479702,0.024578549
36047012600,0.012677145,0.02252332,0.018121386
36047012700,0.064368487,0.04824465,0.025360121
36047012801,0.011957201,0.014503292,0.02448546
36047012901,0.06552931,0.041894442,0.022380666
36047012902,0.059485742,0.034754513,0.021119577
36047013000,0.009175648,0.022087564,0.015324897
36047013100,0.050686098,0.034715248,0.026447175
36047013200,0.012963119,0.015709659,0.023996153
36047013300,0.042025825,0.031618828,0.044029892
36047013400,0.00888564,0.020482159,0.014769522
36047013500,0.031567267,0.02304592,0.030248579
36047013600,0.01002585,0.020183958,0.014456616
36047013700,0.037374887,0.016022772,0.020514856
36047013800,0.009853807,0.019511422,0.01523373
36047013900,0.050390018,0.015098737,0.021793099
36047014000,0.010515163,0.019417885,0.01471843
36047014100,0.048785841,0.010185549,0.020781912
36047014200,0.009300165,0.018883365,0.01487746
36047014300,0.038089958,0.011128874,0.018791311
36047014500,0.028034423,0.011628755,0.025587088
36047014700,0.048444748,0.011693749,0.019138229
36047014800,0.016717541,0.013855304,0.01953832
36047014900,0.09832578,0.011034664,0.017290096
36047015000,0.015039548,0.017028182,0.019102917
36047015100,0.096976018,0.01370648,0.013461246
36047015200,0.010241683,0.017487455,0.01517579
36047015300,0.087417299,0.013750627,0.013970412
36047015500,0.046517064,0.015011084,0.012185737
36047015700,0.038043663,0.020427848,0.015610669
36047015900,0.038799999,0.022299872,0.0166353
36047016000,0.010030915,0.02100241,0.012537401
36047016100,0.060263991,0.040111773,0.018866851
36047016200,0.009566199,0.022868747,0.01525193
36047016300,0.053143827,0.030896425,0.011613231
36047016500,0.049547376,0.015754119,0.01063044
36047016600,0.011860474,0.016674892,0.018491032
36047016700,0.10481621,0.014793908,0.011549373
36047016800,0.013593959,0.01254144,0.018745102
36047016900,0.11009036,0.012715237,0.014046171
36047017000,0.017470642,0.013568229,0.020390554
36047017100,0.147019717,0.011760207,0.010688545
36047017200,0.016448863,0.014948481,0.017967757
36047017400,0.017154336,0.015740649,0.021286941
36047017600,0.016414973,0.016431446,0.020159463
36047017800,0.018845483,0.015370092,0.018516278
36047017900,0.071942148,0.041132429,0.015967439
36047018000,0.016917234,0.015411848,0.018097417
36047018100,0.078233172,0.04351358,0.01485927
36047018200,0.016314895,0.018111364,0.017494405
36047018300,0.062605331,0.058652174,0.016838803
36047018400,0.016404804,0.01596311,0.018269149
36047018501,0.0436708,0.063669943,0.016255441
36047018600,0.014788817,0.016810545,0.018825486
36047018700,0.048268773,0.058124635,0.015499034
36047018800,0.012948951,0.015347944,0.021883814
36047019000,0.012486993,0.015302131,0.027364125
36047019100,0.0570379,0.05132859,0.014160014
36047019200,0.011991357,0.01126063,0.038688109
36047019300,0.078652741,0.057588827,0.012674781
36047019400,0.012355476,0.01237708,0.034009118
36047019500,0.070736622,0.055643628,0.015248331
36047019600,0.012283766,0.012520455,0.029264038
36047019700,0.097329854,0.045251086,0.015507255
36047019800,0.012883477,0.013762433,0.024087009
36047019900,0.080756996,0.047117241,0.011927565
36047020000,0.013760128,0.015506167,0.026118017
36047020100,0.063864228,0.041164039,0.007945195
36047020200,0.014398577,0.01389802,0.022511031
36047020300,0.09385259,0.036519124,0.010558253
36047020400,0.014028612,0.014827674,0.023160213
36047020500,0.098175876,0.023298326,0.009546771
36047020600,0.01138172,0.018060918,0.019502553
36047020700,0.073894652,0.01755029,0.008061215
36047020800,0.012412834,0.011367376,0.024154636
36047021000,0.012811756,0.011452953,0.030874641
36047021100,0.043328196,0.053512608,0.016626354
36047021200,0.011601101,0.011203646,0.034548695
36047021400,0.012190236,0.011706173,0.038411102
36047021500,0.09365875,0.019298479,0.008267238
36047021600,0.01131068,0.012751668,0.044443518
36047021700,0.088551718,0.031728746,0.007499932
36047021800,0.011979231,0.013380472,0.047564391
36047021900,0.106811977,0.034656563,0.008568322
36047022000,0.013391776,0.012440406,0.046097953
36047022100,0.098672852,0.039235971,0.00607943
36047022200,0.010892985,0.012158942,0.052275222
36047022400,0.010800395,0.013591256,0.046783316
36047022600,0.010672162,0.012998989,0.038924973
36047022700,0.08913302,0.044439904,0.004663592
36047022800,0.008780931,0.013132037,0.041203561
36047022900,0.10041897,0.043232529,0.005953423
36047023000,0.008618069,0.012073707,0.044036844
36047023100,0.083355002,0.042798819,0.006269981
36047023200,0.00918857,0.011634684,0.048898448
36047023300,0.105892066,0.034156148,0.00613435
36047023400,0.011036296,0.011664448,0.048788663
36047023500,0.060473995,0.060791391,0.009475478
36047023600,0.012940822,0.011259573,0.048006014
36047023800,0.012720811,0.01162591,0.04145796
36047024000,0.011989921,0.011612303,0.040868474
36047024100,0.082999058,0.034868047,0.006490233
36047024200,0.01229335,0.010976412,0.038679774
36047024300,0.080817839,0.047044485,0.004738146
36047024400,0.011922556,0.010129322,0.040703755
36047024500,0.089333167,0.042830199,0.004227982
36047024600,0.01242586,0.015826929,0.026083108
36047024700,0.095069022,0.03888262,0.004536128
36047024800,0.013157672,0.010248994,0.034829538
36047024900,0.08411379,0.046015441,0.004023136
36047025000,0.013394307,0.014135011,0.040671671
36047025100,0.081389324,0.040099334,0.004055939
36047025200,0.013263207,0.012463241,0.036921386
36047025300,0.083162653,0.035802786,0.006368076
36047025400,0.011583494,0.012110778,0.027093243
36047025600,0.012784688,0.016811584,0.024022914
36047025700,0.073974343,0.039887494,0.009252037
36047025800,0.014993136,0.018111539,0.021739928
36047025901,0.070637403,0.0297787,0.006312794
36047026000,0.012676568,0.012968942,0.025022173
36047026100,0.079668366,0.035255651,0.006324198
36047026200,0.014525074,0.015399007,0.023556016
36047026300,0.083802167,0.033650776,0.004564365
36047026400,0.016059062,0.016414721,0.01941387
36047026500,0.083401006,0.038791048,0.004540957
36047026600,0.014368138,0.018982274,0.023566631
36047026700,0.080452963,0.048937262,0.004521048
36047026800,0.015561092,0.02161504,0.018398781
36047026900,0.054716122,0.030116482,0.004078334
36047027000,0.017087991,0.021004706,0.015479162
36047027100,0.041141551,0.027253834,0.006166734
36047027200,0.016843455,0.020075376,0.017847108
36047027300,0.045351143,0.028853694,0.005410719
36047027400,0.016006394,0.019170152,0.01801649
36047027500,0.05256118,0.036986205,0.004091654
36047027600,0.017375805,0.016782243,0.019572309
36047027700,0.07216313,0.04864132,0.004487562
36047027800,0.017471393,0.018072345,0.019220734
36047027900,0.072742504,0.031153842,0.005534632
36047028000,0.01609949,0.016803505,0.018858205
36047028100,0.070782971,0.024930132,0.005205937
36047028200,0.017119524,0.015794002,0.01963602
36047028300,0.052256764,0.032385326,0.006257507
36047028400,0.018657457,0.017920169,0.01862568
36047028600,0.017488504,0.018319422,0.018854675
36047028700,0.04531731,0.030680943,0.006050955
36047028800,0.018230728,0.01856229,0.017386624
36047028900,0.048131321,0.027754655,0.005973815
36047029000,0.019173201,0.021416254,0.017738612
36047029100,0.052123361,0.038235986,0.005589911
36047029200,0.016284031,0.018670694,0.019289252
36047029300,0.040515551,0.042980419,0.004923692
36047029400,0.015766644,0.019995929,0.018392211
36047029500,0.036391553,0.037924891,0.005445473
36047029600,0.016001027,0.018409713,0.016026931
36047029700,0.041264277,0.037655815,0.005776166
36047029800,0.016329093,0.020564428,0.017255477
36047029900,0.060794778,0.047039633,0.007862643
36047030000,0.016859236,0.022947377,0.017588983
36047030100,0.025289514,0.032215965,0.00786432
36047030200,0.016693608,0.019021988,0.017338928
36047030300,0.038940981,0.034032784,0.008442473
36047030400,0.015843193,0.017664197,0.016001234
36047030500,0.097775325,0.039663154,0.00752095
36047030600,0.013835923,0.028362832,0.01830517
36047030700,0.067451521,0.047683243,0.008805245
36047030800,0.01584807,0.07328844,0.019071022
36047030900,0.054765497,0.04528715,0.007353203
36047031100,0.07196335,0.048671724,0.006338457
36047031300,0.070677768,0.048112135,0.004710002
36047031400,0.015942104,0.017639624,0.016680765
36047031500,0.103405402,0.034441665,0.00498638
36047031701,0.1251223,0.037666975,0.006903386
36047031702,0.122606501,0.043591476,0.009022745
36047031900,0.121371176,0.027560664,0.010519296
36047032100,0.125657138,0.028685091,0.008977302
36047032300,0.119757242,0.027481102,0.008786288
36047032600,0.016932249,0.025972537,0.018958195
36047032700,0.115928988,0.022335995,0.011872798
36047032800,0.019432636,0.014759933,0.016387707
36047032900,0.133218003,0.020877484,0.009607985
36047033000,0.02053788,0.016360005,0.017054913
36047033100,0.091776796,0.048584043,0.00983332
36047033300,0.091073419,0.055405469,0.008204561
36047033500,0.096130744,0.052176745,0.006985979
36047033600,0.021704839,0.013697598,0.018843357
36047033700,0.084640188,0.048170767,0.006558805
36047033900,0.066951724,0.052050163,0.006083869
36047034100,0.064766095,0.059135751,0.005707077
36047034200,0.016470333,0.015150705,0.018394269
36047034300,0.079807082,0.048795519,0.007628208
36047034500,0.067116378,0.042753806,0.007022963
36047034700,0.077785525,0.055210485,0.009328774
36047034800,0.015271315,0.058843579,0.019875887
36047034900,0.082003512,0.045129341,0.008904025
36047035000,0.016488911,0.089520829,0.021001123
36047035100,0.066785446,0.070504514,0.009583671
36047035300,0.083427251,0.05442039,0.008019978
36047035400,0.015291306,0.090709387,0.026295848
36047035500,0.101135023,0.069263844,0.009894899
36047035601,0.014181491,0.094260846,0.029310411
36047035602,0.015188471,0.092088233,0.02844483
36047035700,0.082213064,0.035527173,0.008999733
36047035900,0.069881618,0.035469457,0.007785198
36047036001,0.01413952,0.085955887,0.035713624
36047036002,0.013842945,0.080184856,0.037767178
36047036100,0.050212878,0.021079622,0.009519441
36047036200,0.014463242,0.082361103,0.03660744
36047036300,0.026944289,0.0172098,0.00969752
36047036400,0.013655582,0.084640445,0.037195047
36047036501,0.013928175,0.013721571,0.008239213
36047036502,0.011487342,0.010890647,0.008193238
36047036600,0.014580052,0.089057655,0.038451242
36047036700,0.010627174,0.010244772,0.008046638
36047036900,0.013071586,0.014888906,0.009158241
36047037000,0.015442755,0.088317799,0.039115215
36047037100,0.017515077,0.028351434,0.007229272
36047037300,0.025149086,0.028197899,0.008138164
36047037401,0.015417096,0.090791462,0.037470144
36047037402,0.014212337,0.095899814,0.027039936
36047037500,0.046505877,0.035604196,0.00696069
36047037700,0.045452294,0.032847056,0.007728189
36047037900,0.038285289,0.048244124,0.008296786
36047038100,0.056156858,0.041074196,0.007569148
36047038200,0.015195946,0.056398477,0.017525554
36047038300,0.05194051,0.037181809,0.006579759
36047038500,0.041749984,0.036319221,0.00608041
36047038600,0.01441269,0.095297534,0.021991064
36047038700,0.040645149,0.034413363,0.006072004
36047038800,0.014248631,0.08783991,0.030402227
36047038900,0.043284714,0.03192514,0.00868115
36047039000,0.014309098,0.085719607,0.04006727
36047039100,0.033461977,0.038187131,0.00928448
36047039200,0.014877501,0.084694639,0.040504052
36047039300,0.04180212,0.029584063,0.006523715
36047039400,0.015253695,0.085571624,0.038426252
36047039500,0.046206427,0.034140607,0.006123293
36047039600,0.01482529,0.090706509,0.031483586
36047039700,0.040244447,0.028810162,0.006840106
36047039800,0.013906227,0.08899054,0.021893371
36047039900,0.034792151,0.032708586,0.006686081
36047040000,0.013793164,0.090647991,0.019070916
36047040100,0.017542917,0.026267895,0.009319579
36047040200,0.01392166,0.041793808,0.019008475
36047040300,0.010823581,0.022370655,0.00872709
36047040400,0.016665634,0.023607888,0.019341424
36047040500,0.010303364,0.011837957,0.008687453
36047040600,0.015846459,0.039366768,0.020329627
36047040800,0.013763299,0.06336866,0.018474938
36047040900,0.014367977,0.017753319,0.008035942
36047041000,0.015128282,0.090194727,0.020329651
36047041100,0.011950372,0.018772866,0.009062317
36047041200,0.015098588,0.091661225,0.023449371
36047041300,0.017738822,0.022616105,0.008169321
36047041401,0.01408637,0.085473371,0.032153887
36047041402,0.013229337,0.082540456,0.033932662
36047041500,0.028716318,0.028434923,0.007074518
36047041600,0.014483328,0.084696694,0.045140474
36047041700,0.039190823,0.028823421,0.007797207
36047041800,0.015117889,0.086697242,0.050700282
36047041900,0.047395783,0.024345575,0.00714472
36047042000,0.012307723,0.074212721,0.065053326
36047042100,0.031134124,0.028753705,0.007689459
36047042200,0.012097675,0.080384206,0.042473755
36047042300,0.03265795,0.028683062,0.008265292
36047042400,0.014281116,0.071083243,0.021780956
36047042500,0.031188297,0.032924967,0.010095837
36047042600,0.01593904,0.0395643,0.019595991
36047042700,0.033078442,0.030070477,0.011035834
36047042800,0.016248015,0.0346177,0.019342074
36047042900,0.025239623,0.026640766,0.01170897
36047043000,0.016293483,0.028324068,0.018518404
36047043100,0.032621625,0.024879279,0.010381449
36047043200,0.013877555,0.033577404,0.020535533
36047043300,0.031018973,0.024882524,0.008792405
36047043400,0.013599685,0.052728783,0.023815813
36047043500,0.022997784,0.024697191,0.008589073
36047043600,0.013130623,0.030573851,0.034785926
36047043700,0.017213442,0.021554395,0.009059124
36047043800,0.01278875,0.077849857,0.049454311
36047043900,0.021673848,0.020432877,0.011573001
36047044000,0.011300917,0.064179601,0.058237799
36047044100,0.023696446,0.023766894,0.016997585
36047044200,0.010274292,0.060155547,0.07019846
36047044300,0.024785368,0.022618926,0.015872338
36047044400,0.009418409,0.044827716,0.06250783
36047044500,0.020778333,0.028286415,0.01242214
36047044600,0.012488524,0.02648349,0.040824943
36047044700,0.024823503,0.033079509,0.011188411
36047044800,0.010873608,0.026740499,0.044737358
36047044900,0.043030281,0.02360389,0.01234846
36047045000,0.008789443,0.022085399,0.039600838
36047045200,0.008323469,0.031100436,0.058366446
36047045400,0.008168774,0.040188972,0.073068174
36047045600,0.010062423,0.023432551,0.052386227
36047045800,0.008588277,0.020485084,0.046001118
36047046000,0.010999656,0.0203544,0.040516378
36047046201,0.009278996,0.014009971,0.044712323
36047046202,0.009626572,0.014355271,0.037274908
36047046400,0.00939702,0.011409342,0.038546155
36047046800,0.010348466,0.01324979,0.035462923
36047047000,0.01116653,0.010530875,0.044367186
36047047200,0.011618716,0.011293446,0.051450384
36047047400,0.01070024,0.010073178,0.045247203
36047047600,0.010340323,0.010563167,0.051185431
36047047700,0.055975301,0.074893269,0.018313612
36047047800,0.009767828,0.010104624,0.050285227
36047048000,0.007849631,0.012127908,0.044508434
36047048100,0.044115044,0.083346808,0.012889052
36047048200,0.008594783,0.015629923,0.039941745
36047048400,0.008619554,0.012414823,0.044048891
36047048500,0.037727574,0.039927151,0.010297427
36047048600,0.010107449,0.010866574,0.044307686
36047048800,0.011759752,0.012103553,0.041550837
36047049000,0.010211726,0.013678353,0.040913269
36047049200,0.015477438,0.013893032,0.033510741
36047049300,0.071818927,0.0559856,0.014573451
36047049400,0.019757683,0.01441421,0.031703947
36047049500,0.059742924,0.078402979,0.013761562
36047049600,0.013118913,0.012226448,0.033140797
36047049700,0.055707632,0.075840801,0.020717004
36047049800,0.014540499,0.011938243,0.040377847
36047049900,0.053788293,0.068563503,0.027240044
36047050000,0.02834947,0.012196825,0.023410405
36047050100,0.056525033,0.064268719,0.020472949
36047050202,0.095839294,0.015880913,0.017721668
36047050300,0.066952223,0.066174624,0.018103223
36047050400,0.038351506,0.013165713,0.016443531
36047050500,0.068706624,0.055899982,0.016858623
36047050600,0.067500294,0.012627109,0.015760008
36047050700,0.080541403,0.053570405,0.0134909
36047050801,0.085329945,0.013529195,0.014124286
36047050803,0.078784034,0.01462444,0.016064234
36047050804,0.104848765,0.017029369,0.015403007
36047050900,0.06821525,0.073194359,0.016010049
36047051002,0.078644563,0.015552513,0.012915024
36047051100,0.069906904,0.069386246,0.016496096
36047051200,0.047933108,0.016658919,0.012906404
36047051300,0.04881989,0.052331759,0.017195542
36047051400,0.030014576,0.021028588,0.019573351
36047051500,0.053919186,0.063183777,0.021604411
36047051601,0.010429465,0.025760272,0.037764571
36047051602,0.022976352,0.021338648,0.020336649
36047051700,0.036520501,0.052364059,0.028990339
36047051800,0.012779847,0.022752445,0.037375105
36047051900,0.043052412,0.052295702,0.022802728
36047052000,0.012424419,0.023088624,0.042200189
36047052300,0.042766864,0.053035705,0.018879045
36047052500,0.044278043,0.059590825,0.015363118
36047052600,0.011518718,0.02047009,0.038000741
36047052700,0.05086865,0.058757461,0.013733609
36047052800,0.010033072,0.022245582,0.047005552
36047052900,0.053549259,0.062351738,0.014577761
36047053000,0.012758819,0.026092223,0.058994174
36047053100,0.05718918,0.064664636,0.013659386
36047053200,0.010816388,0.033550992,0.077151507
36047053300,0.053415577,0.06198465,0.014249444
36047053400,0.009254698,0.038327543,0.067903699
36047053500,0.042704689,0.055462969,0.01238742
36047053700,0.054564268,0.057184488,0.012204428
36047053800,0.010469478,0.043826778,0.082214794
36047053900,0.043328926,0.056369785,0.012585925
36047054200,0.009978747,0.063161781,0.079443419
36047054400,0.010821997,0.06455324,0.084550325
36047054500,0.041681827,0.054176376,0.011131812
36047054600,0.010785095,0.062239189,0.084920382
36047054700,0.033556523,0.057694674,0.015907777
36047054800,0.008759251,0.069652033,0.088119187
36047054900,0.029988338,0.05904145,0.024151748
36047055000,0.010978403,0.065313048,0.084963486
36047055100,0.029713263,0.050537647,0.026656769
36047055200,0.011629816,0.066393118,0.081438413
36047055300,0.029884016,0.049212671,0.026923132
36047055400,0.011412118,0.070271042,0.068180564
36047055500,0.025173781,0.043702102,0.041302922
36047055600,0.011712182,0.083112924,0.055340175
36047055700,0.026972227,0.055925508,0.031287069
36047055800,0.010529439,0.077357321,0.064167094
36047056000,0.011087649,0.068289001,0.078467073
36047056100,0.021338164,0.056660294,0.053824905
36047056200,0.008430426,0.075592067,0.074291284
36047056300,0.015914136,0.059682714,0.044688981
36047056400,0.007270283,0.071766483,0.078347641
36047056500,0.014632703,0.062535717,0.039020563
36047056600,0.006996065,0.082569325,0.066527927
36047056800,0.00682357,0.081305312,0.073508699
36047056900,0.035282218,0.067933276,0.033908217
36047057000,0.006979161,0.083308261,0.069352813
36047057100,0.041098312,0.087824721,0.026172794
36047057300,0.033739623,0.083503193,0.034148786
36047057400,0.007688882,0.077928584,0.067244105
36047057500,0.019706874,0.067890439,0.040766873
36047057600,0.009248066,0.081088174,0.064977983
36047057800,0.010300957,0.082916591,0.055169102
36047057900,0.022512163,0.069991546,0.030689208
36047058000,0.010575447,0.079017155,0.052821541
36047058200,0.011960631,0.084836436,0.047427499
36047058400,0.012750049,0.085468452,0.045434099
36047058600,0.011891862,0.081091393,0.046972182
36047058800,0.014006005,0.081600447,0.041142177
36047058900,0.040477235,0.079738697,0.016565346
36047059000,0.013382506,0.081439694,0.047254784
36047059100,0.051936021,0.070164819,0.024903461
36047059200,0.011802333,0.081034502,0.049887953
36047059300,0.036355859,0.062348766,0.015921127
36047059401,0.010035219,0.08038768,0.052032084
36047059402,0.008180582,0.083801544,0.055896526
36047059600,0.007988669,0.081734373,0.052165246
36047059800,0.008527598,0.085194734,0.051678987
36047060000,0.00993631,0.082867107,0.048229191
36047060600,0.013208129,0.082591992,0.044388458
36047060800,0.011821746,0.082027283,0.043371192
36047061002,0.014694717,0.082261807,0.041364128
36047061003,0.015270386,0.085491642,0.042653066
36047061004,0.013575921,0.082343416,0.042170663
36047061200,0.012399968,0.086066432,0.0411251
36047061600,0.010264411,0.078432141,0.040582226
36047062000,0.011828535,0.084940459,0.042940739
36047062200,0.008449858,0.084273483,0.048639143
36047062600,0.007916209,0.086549932,0.055415383
36047062800,0.00630939,0.093936148,0.059248428
36047063200,0.007202895,0.085790402,0.071217745
36047063600,0.006977593,0.071840545,0.082353672
36047063800,0.006736301,0.069525864,0.081607416
36047064000,0.007546171,0.065500246,0.082083481
36047064200,0.008336063,0.068701634,0.083719348
36047064400,0.007916436,0.057436686,0.085498593
36047064600,0.008312369,0.048924921,0.088246019
36047064800,0.008311483,0.05446933,0.088689922
36047065000,0.008433983,0.055505111,0.076185078
36047065200,0.008067644,0.072420543,0.086421839
36047065400,0.008101055,0.071953453,0.089163535
36047065600,0.008326426,0.070255092,0.087765398
36047065800,0.007210446,0.082869311,0.077865937
36047066000,0.006442458,0.08712176,0.079411291
36047066200,0.006674197,0.090075993,0.079262612
36047067000,0.006626212,0.080844844,0.076403356
36047067200,0.005329857,0.066369518,0.081815016
36047067400,0.00747216,0.064929723,0.078088495
36047067600,0.004789216,0.062413253,0.051913916
36047067800,0.003881568,0.066909433,0.042036912
36047068000,0.004806962,0.070510149,0.068757862
36047068200,0.005419074,0.073872703,0.079961563
36047068600,0.004339641,0.085615993,0.064969282
36047068800,0.004303235,0.084641862,0.065733104
36047069000,0.004334806,0.079763792,0.061359556
36047069200,0.00401585,0.07294207,0.049611172
36047069601,0.003324977,0.065144911,0.03604171
36047069602,0.003444966,0.076338764,0.040221284
36047069800,0.004648923,0.086953103,0.063707052
36047070000,0.002933913,0.08805968,0.048728566
36047070201,0.003960207,0.092146209,0.060408426
36047070600,0.003238212,0.092444751,0.053266102
36047072000,0.004196747,0.06034848,0.032100386
36047072200,0.005425478,0.053241741,0.030165866
36047072400,0.005725371,0.042955354,0.027467799
36047072600,0.00640188,0.042551133,0.031138662
36047072800,0.004679191,0.056293411,0.032750345
36047073000,0.005241998,0.055384738,0.058023028
36047073200,0.006333497,0.046957405,0.061705174
36047073400,0.00791333,0.038250569,0.06357968
36047073600,0.007814819,0.052081109,0.071440086
36047073800,0.00799541,0.045852353,0.076043911
36047074000,0.008314494,0.038930916,0.067167155
36047074200,0.009365247,0.035647462,0.064906321
36047074400,0.008847625,0.03782568,0.077098136
36047074600,0.008841066,0.042416766,0.084534685
36047074800,0.010333612,0.037819867,0.080185103
36047075000,0.008416005,0.037264279,0.074264782
36047075200,0.009834985,0.0348712,0.075903588
36047075400,0.008752868,0.040689069,0.083488843
36047075600,0.008379668,0.042647553,0.087305573
36047075800,0.01047053,0.043634114,0.091322808
36047076000,0.009673114,0.039225056,0.084270355
36047076200,0.010382649,0.038158818,0.079873913
36047076400,0.010040202,0.026055272,0.045372001
36047076600,0.007418147,0.032521998,0.045478622
36047076800,0.009787739,0.039680915,0.078285309
36047077000,0.00921865,0.035885426,0.041313246
36047077200,0.008554226,0.036084964,0.057444092
36047077400,0.009449114,0.034422344,0.053920361
36047077600,0.008783236,0.034508954,0.051505886
36047078000,0.007301874,0.039441406,0.037227066
36047078200,0.009614388,0.031713564,0.036237339
36047078400,0.009921317,0.03819361,0.047844818
36047078600,0.007737014,0.033673507,0.03977112
36047078800,0.009604608,0.03633905,0.034750746
36047079000,0.014669556,0.030870765,0.035559688
36047079200,0.038583221,0.016971059,0.014950045
36047079400,0.066310478,0.019091555,0.01311446
36047079601,0.105334409,0.014452133,0.013836369
36047079602,0.066222453,0.015412526,0.017239072
36047079801,0.124803966,0.018356032,0.010203053
36047079802,0.123314069,0.017407917,0.011711489
36047080000,0.129215768,0.016221732,0.008734714
36047080200,0.127406979,0.018319261,0.014519457
36047080400,0.128627666,0.015519024,0.01032157
36047080600,0.103800478,0.020982505,0.00943396
36047081000,0.09576335,0.01637365,0.008725793
36047081400,0.072465756,0.01227203,0.00678974
36047081600,0.082848914,0.016008132,0.010709538
36047081800,0.074799236,0.016318901,0.015987278
36047082000,0.075145523,0.015666587,0.018636947
36047082200,0.069009844,0.019129437,0.019017547
36047082400,0.066753495,0.017224858,0.020147068
36047082600,0.038558357,0.015507543,0.017416133
36047082800,0.011936684,0.033329363,0.045968285
36047083000,0.012293442,0.030092492,0.04382495
36047083200,0.011935845,0.023475143,0.024585924
36047083400,0.009371969,0.01962324,0.022622076
36047083600,0.007051334,0.033079639,0.028840062
36047083800,0.008285672,0.018181019,0.01735025
36047084000,0.006206307,0.01188989,0.010789155
36047084600,0.00460637,0.009242524,0.013810865
36047084800,0.006017145,0.006916473,0.00924693
36047085000,0.008836456,0.007751712,0.011030359
36047085400,0.024778783,0.0139032,0.019274938
36047085600,0.056289274,0.011154265,0.011215547
36047085800,0.039161857,0.008300942,0.008861107
36047086000,0.020684368,0.005975792,0.006358079
36047086200,0.011669282,0.005632845,0.007322018
36047086400,0.020190162,0.008244463,0.0082635
36047086600,0.029330411,0.008919347,0.009369277
36047086800,0.038540443,0.007963944,0.009728707
36047087000,0.041231701,0.006847855,0.009597313
36047087200,0.050742977,0.009148659,0.010360021
36047087401,0.075062929,0.032323254,0.006328626
36047087600,0.091334723,0.050221948,0.009407284
36047087800,0.073089582,0.022619998,0.013354564
36047088000,0.094935411,0.051816227,0.012497747
36047088200,0.035510865,0.019568956,0.010180373
36047088400,0.04157258,0.017967591,0.011741683
36047088600,0.021888161,0.009466064,0.011414962
36047088800,0.016240377,0.009033196,0.009558612
36047089000,0.017463591,0.011603911,0.013694675
36047089200,0.029246642,0.016083263,0.012056988
36047089400,0.017155752,0.010742004,0.01330484
36047089600,0.016261902,0.011501787,0.014220943
36047089800,0.016111404,0.011365462,0.014245893
36047090000,0.030876436,0.016192375,0.010750035
36047090200,0.022133875,0.011128344,0.010837081
36047091600,0.014961654,0.009774268,0.013556737
36047091800,0.011402412,0.007413977,0.011099473
36047092000,0.013571891,0.008480789,0.012419606
36047092200,0.014935447,0.012126686,0.012950184
36047092400,0.018266532,0.011073922,0.012425927
36047092800,0.013576314,0.011063193,0.009595427
36047093000,0.011852401,0.009027998,0.007554657
36047093200,0.005084011,0.029555239,0.022455592
36047093400,0.008306029,0.008383062,0.00728972
36047093600,0.008568214,0.006799485,0.006501482
36047093800,0.010763358,0.005821989,0.007354937
36047094401,0.004474232,0.01747738,0.011484372
36047094600,0.005348993,0.008884611,0.008701429
36047095000,0.004114503,0.025790557,0.012942446
36047095400,0.005085335,0.011173319,0.008691693
36047095600,0.004661602,0.023114655,0.0098147
36047095800,0.006070266,0.013157781,0.006582103
36047096200,0.0070957,0.010268758,0.006941067
36047096400,0.006406451,0.011698828,0.005970748
36047096600,0.006127379,0.012381383,0.007243064
36047096800,0.007187629,0.009223684,0.007643941
36047097000,0.009393836,0.010701742,0.008919193
36047097400,0.007495791,0.009033203,0.010746697
36047098400,0.006295822,0.009501788,0.010914449
36047098600,0.006757953,0.009532379,0.010627788
36047098800,0.006718351,0.010476661,0.008031813
36047099000,0.006144251,0.014171649,0.008044609
36047099200,0.005998733,0.016305873,0.007801758
36047099400,0.005394372,0.019969154,0.008764134
36047099600,0.004398842,0.032835391,0.010011398
36047099800,0.003682717,0.054431243,0.019542452
36047100400,0.004308446,0.051755436,0.01118022
36047100600,0.004760685,0.046027689,0.008961952
36047100800,0.006121338,0.026771988,0.008814735
36047101000,0.006151156,0.019068509,0.007732011
36047101200,0.006494842,0.013196181,0.008723788
36047101400,0.006459406,0.012177752,0.009040521
36047101600,0.006044315,0.009831786,0.01068323
36047101800,0.005988847,0.010970342,0.011995743
36047102000,0.006214556,0.014226244,0.009389219
36047102200,0.00710663,0.020349078,0.007742929
36047102400,0.006441935,0.031475154,0.008445225
36047102600,0.00428756,0.068164692,0.009169231
36047102800,0.005936705,0.079948959,0.009888231
36047105801,0.015913209,0.017378333,0.013267657
36047105804,0.007506877,0.012293013,0.015857874
36047107000,0.015708708,0.023137543,0.010963851
36047107800,0.017322555,0.011746982,0.008772391
36047109800,0.016720044,0.012571485,0.015535716
36047110400,0.024600606,0.010478429,0.009744798
36047111600,0.013809339,0.009288142,0.008565925
36047111800,0.01494511,0.01000757,0.007880915
36047112000,0.015513172,0.009211227,0.007771373
36047112200,0.014432288,0.008529497,0.00865024
36047112400,0.015736757,0.0078962,0.009724124
36047112600,0.015693694,0.007349701,0.009339769
36047112800,0.017568762,0.007841484,0.009563266
36047113000,0.014552239,0.007585036,0.009332614
36047113200,0.013401391,0.008221261,0.010365386
36047113400,0.012047803,0.007997198,0.00976399
36047114201,0.012337576,0.010183916,0.006768717
36047114202,0.013336058,0.012403432,0.008492271
36047114400,0.01073008,0.008623975,0.00800011
36047114600,0.012826212,0.012235593,0.007574327
36047115000,0.014130219,0.010866366,0.00860079
36047115200,0.014414523,0.010016123,0.009671091
36047115600,0.013144545,0.008139966,0.009062319
36047115800,0.014832741,0.007579956,0.008970961
36047116000,0.013844355,0.008397957,0.009047463
36047116200,0.014121626,0.00959793,0.008020891
36047116400,0.014240367,0.008647873,0.008250141
36047116600,0.012465528,0.010745893,0.008058866
36047116800,0.011144363,0.017471449,0.006551678
36047117000,0.012742341,0.012468366,0.007301658
36047117201,0.012815422,0.013647182,0.007313496
36047117202,0.011235333,0.01585218,0.006471565
36047117400,0.007972544,0.012275038,0.005810294
36047117601,0.007388723,0.01528786,0.005368324
36047117602,0.007062028,0.019862356,0.005895101
36047117800,0.007025978,0.013138786,0.004995484
36047118201,0.008711374,0.024413474,0.00625672
36047118202,0.009809726,0.030961687,0.008842604
36047118400,0.009388075,0.029199043,0.006073897
36047118600,0.008764233,0.023883951,0.006576243
36047118800,0.009294056,0.024231851,0.007159883
36047119000,0.007420493,0.012862623,0.005815457
36047119200,0.012420583,0.02246701,0.007009606
36047119400,0.013613219,0.009472301,0.008898817
36047119600,0.010468816,0.013407287,0.007222144
36047119800,0.013089336,0.010192562,0.007054883
36047120000,0.008798407,0.016900873,0.007120141
36047120200,0.008129867,0.024536982,0.008213353
36047120800,0.008050125,0.019391414,0.008664849
36047122000,0.010938745,0.018342531,0.009445759
36047123700,0.05312658,0.060382613,0.012394199
36047150200,0.088706489,0.011405781,0.017065074
36047152200,0.026251772,0.011429763,0.017317644
36061000202,0.019786401,0.053970692,0.027603166
36061000600,0.017967404,0.045750643,0.028709496
36061000700,0.019372426,0.051312508,0.034430305
36061000800,0.015547112,0.041563678,0.028820461
36061000900,0.023696053,0.048121964,0.033332383
36061001001,0.024309189,0.050133374,0.029168748
36061001200,0.016011593,0.050630391,0.032727895
36061001300,0.012648895,0.046134627,0.032479623
36061001401,0.013201094,0.048637197,0.031717876
36061001402,0.013011072,0.04928171,0.031498508
36061001501,0.014444356,0.047003503,0.028951592
36061001502,0.017322633,0.049187263,0.032969342
36061001600,0.012505672,0.051149435,0.03142641
36061001800,0.011821021,0.049382281,0.038408404
36061002100,0.012932413,0.035662417,0.030299478
36061002202,0.010942953,0.041025817,0.045747152
36061002601,0.012189118,0.042897031,0.041764999
36061002602,0.0136945,0.04136095,0.031520755
36061002700,0.012820906,0.041970253,0.030622947
36061002800,0.013760848,0.050589877,0.026269107
36061002900,0.012747574,0.037699678,0.028699766
36061003001,0.010704085,0.042257388,0.042837692
36061003002,0.010795049,0.043314558,0.043737939
36061003100,0.011666042,0.039104807,0.029133451
36061003200,0.011513087,0.043078669,0.029833422
36061003300,0.011458958,0.03980169,0.028550396
36061003400,0.013583385,0.056233243,0.027545081
36061003601,0.010106146,0.044644603,0.038640719
36061003602,0.009166722,0.047639255,0.037563038
36061003700,0.008722524,0.043895676,0.034454288
36061003800,0.011615975,0.045557745,0.028560023
36061003900,0.010347759,0.042943649,0.026259053
36061004000,0.013867308,0.051296237,0.023313882
36061004100,0.011839642,0.048483189,0.031016715
36061004200,0.011945037,0.053077667,0.027282001
36061004300,0.00893523,0.048512618,0.03687696
36061004500,0.010610525,0.051278791,0.02904937
36061004700,0.00919571,0.050092213,0.030982937
36061004800,0.014603474,0.063634352,0.037885738
36061004900,0.008038745,0.048136472,0.036387189
36061005000,0.013000775,0.069903246,0.038817943
36061005200,0.011147103,0.069202089,0.032568417
36061005400,0.010978802,0.067535379,0.028928686
36061005501,0.008822751,0.046790571,0.034471322
36061005502,0.008184427,0.045705595,0.034880476
36061005600,0.012241065,0.062971258,0.034707211
36061005700,0.01055214,0.048914562,0.026145041
36061005800,0.011157788,0.054901639,0.040002942
36061005900,0.011640955,0.050389132,0.022258073
36061006100,0.01227042,0.061023156,0.027183532
36061006300,0.011125956,0.048683709,0.019108129
36061006400,0.013546375,0.065072102,0.036786599
36061006500,0.010258315,0.040439236,0.037989346
36061006600,0.014195484,0.064419828,0.033556373
36061006700,0.00884873,0.045634911,0.034624041
36061006800,0.0139579,0.065529382,0.03464037
36061006900,0.0080617,0.045426712,0.040446583
36061007000,0.01448642,0.057338401,0.038649286
36061007100,0.010194603,0.048518773,0.020358668
36061007200,0.016102709,0.054370039,0.045940681
36061007300,0.01036056,0.045842661,0.023960127
36061007400,0.015602656,0.055669417,0.041371742
36061007500,0.00897093,0.046479834,0.02232157
36061007600,0.015780887,0.050447258,0.043213474
36061007700,0.009521172,0.054088413,0.0252116
36061007800,0.019234623,0.044590141,0.053827422
36061007900,0.00936704,0.048640335,0.025403022
36061008000,0.021554758,0.037528588,0.053901976
36061008100,0.009685447,0.06337254,0.027295253
36061008200,0.023299638,0.031662493,0.051534389
36061008300,0.010534851,0.056545126,0.03335163
36061008400,0.024560177,0.03182773,0.043110416
36061008601,0.020058007,0.04817738,0.046293059
36061008603,0.041281498,0.027015285,0.040082952
36061008700,0.010748248,0.055204725,0.033781445
36061008800,0.024953246,0.0297011,0.047629453
36061008900,0.011274429,0.052145224,0.034850345
36061009000,0.040540625,0.028310654,0.037839772
36061009100,0.011450477,0.053663679,0.038036624
36061009200,0.034602169,0.027945554,0.039761706
36061009300,0.01019757,0.048813011,0.035948359
36061009500,0.013126877,0.052215274,0.042088467
36061009600,0.033504765,0.035981433,0.021840414
36061009700,0.013547644,0.045241886,0.040101065
36061009800,0.042010737,0.034186474,0.033586742
36061009900,0.013478187,0.046478588,0.036319826
36061010000,0.041453363,0.037517319,0.018520075
36061010100,0.016564877,0.047221211,0.040866829
36061010200,0.03448793,0.035546463,0.016983012
36061010300,0.017261957,0.048447339,0.041104579
36061010400,0.037075427,0.036950034,0.016924779
36061010601,0.040919741,0.031259399,0.024227118
36061010602,0.036158982,0.029349032,0.01756253
36061010800,0.038899352,0.035541977,0.016727866
36061010900,0.021256147,0.040845271,0.03821909
36061011000,0.033345525,0.033507177,0.010718147
36061011100,0.023606632,0.043193514,0.022617704
36061011201,0.040989892,0.03998989,0.009963835
36061011202,0.038509727,0.037427306,0.014622516
36061011203,0.033490648,0.03474401,0.013824587
36061011300,0.026051009,0.039262167,0.03190352
36061011401,0.036978198,0.037009272,0.009680763
36061011402,0.03599745,0.038689616,0.009802075
36061011500,0.024219468,0.039950442,0.016126207
36061011600,0.03649027,0.036473638,0.010980009
36061011800,0.037203897,0.039267368,0.009770285
36061012000,0.036500291,0.038326854,0.010278123
36061012100,0.029359308,0.038907728,0.017458509
36061012200,0.03559627,0.038084733,0.008697361
36061012400,0.035086781,0.03722386,0.011143695
36061012500,0.032012327,0.033879293,0.020579681
36061012600,0.034812317,0.038711317,0.009318837
36061012700,0.0344784,0.035787999,0.017429398
36061012800,0.031923033,0.040971108,0.009173278
36061012900,0.033185968,0.033474127,0.015989058
36061013000,0.033223783,0.042942138,0.009464669
36061013100,0.037504431,0.03234399,0.017807907
36061013200,0.032356965,0.038933601,0.011786648
36061013300,0.038359333,0.034814429,0.01436957
36061013400,0.031441821,0.040692254,0.009246189
36061013500,0.042650721,0.027099554,0.015330367
36061013600,0.025851629,0.03770378,0.009253846
36061013700,0.043581139,0.037607416,0.010525385
36061013800,0.023125373,0.039108155,0.00926976
36061013900,0.046070852,0.031925939,0.010807142
36061014000,0.023885795,0.040007667,0.008668864
36061014200,0.024100837,0.041090339,0.009168509
36061014401,0.023091764,0.038997399,0.008269277
36061014402,0.022262989,0.039759066,0.009508782
36061014500,0.04354234,0.03293674,0.009309724
36061014601,0.022555709,0.040828014,0.008740553
36061014602,0.022933642,0.042578285,0.008375214
36061014700,0.044064164,0.030658853,0.011156034
36061014801,0.022626997,0.040697543,0.009428585
36061014802,0.021764487,0.046078261,0.008516172
36061014900,0.039077205,0.035253595,0.008054382
36061015001,0.02421467,0.041399977,0.009390448
36061015002,0.028643927,0.041329394,0.007939066
36061015100,0.04614502,0.028881226,0.009292432
36061015200,0.024279128,0.042707815,0.007671276
36061015300,0.037915615,0.033420371,0.008446383
36061015400,0.024775744,0.041012385,0.007210277
36061015500,0.041411082,0.031039167,0.007765406
36061015601,0.031427117,0.039900813,0.007344387
36061015602,0.038149728,0.041991336,0.00677682
36061015700,0.036913409,0.036594987,0.009051165
36061015801,0.02973736,0.039885627,0.00675014
36061015802,0.031394799,0.044594257,0.007938162
36061015900,0.039529547,0.035060885,0.007247865
36061016001,0.034438407,0.041302469,0.008433653
36061016002,0.027542064,0.045376825,0.008244475
36061016100,0.036994769,0.039298603,0.007964307
36061016200,0.0446933,0.050215732,0.007434008
36061016300,0.038332292,0.036359491,0.007484334
36061016500,0.033194723,0.039749888,0.008800141
36061016600,0.035317468,0.049143263,0.008642649
36061016700,0.036125739,0.039466073,0.006873237
36061016800,0.032797124,0.049617831,0.008346699
36061016900,0.034194672,0.040882659,0.007801471
36061017000,0.021693022,0.049865574,0.006419557
36061017100,0.034565432,0.042642291,0.006699835
36061017200,0.019805622,0.05252555,0.006757681
36061017300,0.035008452,0.039913454,0.008946318
36061017401,0.021443855,0.054111342,0.006146477
36061017402,0.02152683,0.060762097,0.006112915
36061017500,0.030153134,0.041929446,0.00848939
36061017700,0.029302039,0.045134402,0.010321389
36061017800,0.02164133,0.055336179,0.005278647
36061017900,0.021455991,0.045442369,0.007947524
36061018000,0.020497634,0.054345059,0.005808604
36061018100,0.02224061,0.042352126,0.008988347
36061018300,0.014387392,0.047760713,0.00699863
36061018400,0.020193021,0.064270259,0.005431919
36061018500,0.014563174,0.047208432,0.007923304
36061018600,0.020594663,0.064070704,0.005936992
36061018700,0.011229283,0.058636202,0.00589595
36061018800,0.021050591,0.060112868,0.004728792
36061018900,0.012511479,0.051170417,0.008245791
36061019000,0.018831725,0.06742679,0.004931163
36061019100,0.01243583,0.054547565,0.005845777
36061019300,0.013919624,0.053008802,0.007372238
36061019400,0.02034714,0.075213037,0.004219301
36061019500,0.013135729,0.057334655,0.005687936
36061019702,0.018742095,0.064524624,0.006149572
36061019800,0.01800883,0.070577637,0.004660686
36061019900,0.013467316,0.056077838,0.005757124
36061020000,0.017337471,0.069434956,0.005314608
36061020101,0.017795009,0.060585032,0.004871554
36061020102,0.018608592,0.066776332,0.006159552
36061020300,0.015796234,0.06292924,0.004694815
36061020500,0.014249985,0.060830064,0.004939621
36061020600,0.01599894,0.087269801,0.004326496
36061020701,0.014809365,0.064384312,0.004887801
36061020800,0.015051281,0.085490813,0.004508929
36061020901,0.015765117,0.076486355,0.004292246
36061021000,0.012875657,0.095934508,0.004630244
36061021100,0.013420865,0.077164123,0.004217227
36061021200,0.013998768,0.105559603,0.004311992
36061021303,0.013494289,0.089766952,0.003630368
36061021500,0.014015115,0.092274264,0.003886265
36061021600,0.021557104,0.063683359,0.006576576
36061021800,0.018234314,0.066197781,0.005577609
36061022000,0.017070319,0.062927679,0.005118067
36061022102,0.011813859,0.099484363,0.003488505
36061022200,0.015577187,0.077788286,0.004894986
36061022301,0.01221086,0.099650905,0.003995428
36061022400,0.014491681,0.093180375,0.004010267
36061022500,0.011760247,0.124201584,0.004327557
36061022600,0.013516549,0.107414632,0.003836834
36061022700,0.011183592,0.103396377,0.003744626
36061022800,0.012329992,0.096471813,0.004028529
36061022900,0.010552456,0.125735757,0.004566543
36061023000,0.01147374,0.103949446,0.003995892
36061023100,0.010821573,0.119735261,0.004336913
36061023200,0.010996564,0.108984014,0.004301075
36061023300,0.010941965,0.116624635,0.004436348
36061023400,0.011522835,0.103025292,0.005077604
36061023501,0.011247111,0.12999467,0.005114603
36061023600,0.010580389,0.110411251,0.005149477
36061023700,0.0117607,0.095987919,0.005197145
36061023801,0.037797956,0.030246711,0.021998385
36061023802,0.032916763,0.034553551,0.011922566
36061023900,0.010991271,0.099610485,0.005659139
36061024100,0.009924529,0.088065887,0.004969838
36061024301,0.008542612,0.085343686,0.005653024
36061024500,0.009163124,0.091582578,0.005899337
36061024700,0.008730426,0.085387066,0.005127662
36061024900,0.005863845,0.090176587,0.007247466
36061025100,0.006277938,0.085617594,0.006740698
36061025300,0.006980981,0.082656376,0.010368527
36061025500,0.007406014,0.075491711,0.006979312
36061025700,0.017546702,0.070268759,0.00495568
36061025900,0.011236649,0.104789981,0.004303318
36061026100,0.005566698,0.077643827,0.013147303
36061026500,0.005493351,0.073889521,0.013490126
36061026900,0.006037989,0.062489534,0.012906263
36061027100,0.005833345,0.06238758,0.010936868
36061027300,0.005609109,0.060639232,0.012296492
36061027500,0.005420344,0.062846261,0.012290277
36061027900,0.006069945,0.057272676,0.010651189
36061028100,0.006170664,0.055465871,0.011474151
36061028700,0.007324115,0.057306003,0.010653786
36061029500,0.007228152,0.062407198,0.01049303
36061029900,0.006758871,0.06839904,0.010111821
36061030300,0.006546035,0.067702212,0.009992802
36061030700,0.007245641,0.065856883,0.012200853
36061030900,0.007520052,0.063963385,0.01375718
36061031703,0.011036942,0.046542846,0.028428607
36061031704,0.013471935,0.048147438,0.034223333
36081000100,0.026907966,0.053527231,0.033936196
36081000200,0.010574074,0.034601245,0.011785783
36081000400,0.010633739,0.03576084,0.011208729
36081000600,0.010845553,0.035763697,0.010465872
36081000700,0.025961948,0.039503379,0.037742122
36081000800,0.010701388,0.062736079,0.01456754
36081001000,0.012260446,0.064187161,0.017299005
36081001200,0.011403186,0.045707265,0.015738398
36081001400,0.014684361,0.096630082,0.019192848
36081001600,0.010767403,0.104567222,0.017201962
36081001800,0.009350434,0.110313924,0.015613865
36081001900,0.040859712,0.03788834,0.025787186
36081002000,0.008166606,0.113180283,0.018224885
36081002200,0.010776841,0.106452346,0.015828607
36081002400,0.010044261,0.108743736,0.0143812
36081002500,0.040641494,0.031418327,0.023947089
36081002600,0.00977855,0.104333339,0.009771272
36081002800,0.007745466,0.116939901,0.017466839
36081003000,0.00786848,0.112133763,0.017383404
36081003100,0.048988048,0.035411121,0.01554561
36081003200,0.006752378,0.110065582,0.014197508
36081003300,0.04083533,0.033147319,0.021949607
36081003400,0.010317614,0.058124257,0.012902567
36081003600,0.009496893,0.06827513,0.012692219
36081003800,0.007986504,0.111748513,0.013650492
36081003900,0.037791816,0.034169241,0.012567931
36081004001,0.007268712,0.111584219,0.011738905
36081004002,0.007203467,0.097081472,0.012579142
36081004200,0.009006846,0.056970886,0.012257606
36081004401,0.009378249,0.037295596,0.007937687
36081004500,0.04069201,0.036364734,0.010636256
36081004700,0.043486963,0.033407919,0.012573658
36081005100,0.047651078,0.037664264,0.01468326
36081005200,0.008435531,0.064671483,0.011976185
36081005300,0.047403879,0.036415914,0.010427848
36081005400,0.008409837,0.088775669,0.012343991
36081005500,0.052751055,0.035497803,0.009563288
36081005700,0.048350868,0.034200231,0.009037046
36081005800,0.008646034,0.081919812,0.011175904
36081005900,0.049371894,0.034839441,0.007381645
36081006100,0.050943773,0.036190385,0.006957322
36081006201,0.010004119,0.084672442,0.012574142
36081006202,0.009120153,0.035822752,0.009983785
36081006300,0.048340216,0.038856328,0.007883583
36081006501,0.04205796,0.041757823,0.005813467
36081006502,0.036806905,0.040562459,0.00544294
36081006900,0.03741199,0.041013219,0.00616402
36081007100,0.037507204,0.045078741,0.005899282
36081007300,0.040658589,0.043979602,0.005759272
36081007500,0.041140815,0.041334793,0.006571895
36081007700,0.040762635,0.03814457,0.009310418
36081007900,0.038719554,0.038631386,0.006627643
36081008100,0.036189872,0.036865195,0.010125497
36081008300,0.040185238,0.037544197,0.009083064
36081008500,0.031692869,0.03193902,0.013767121
36081008600,0.006867447,0.084464921,0.010624414
36081008800,0.006563315,0.08505029,0.01173153
36081009100,0.03783258,0.040916842,0.008429798
36081009400,0.007944562,0.09108091,0.010484543
36081009500,0.037019272,0.042418144,0.005785662
36081009600,0.008599568,0.091399131,0.010639212
36081009700,0.046888337,0.052059945,0.004799709
36081009800,0.008865304,0.095718949,0.011759462
36081010000,0.008172039,0.079988426,0.009875629
36081010100,0.043872553,0.054103546,0.004841909
36081010200,0.008522972,0.062895947,0.010995499
36081010300,0.044299451,0.062134016,0.004752621
36081010400,0.008641164,0.079515608,0.009798135
36081010500,0.035334364,0.06249213,0.004942635
36081010600,0.008381678,0.080763114,0.011335893
36081010800,0.008020279,0.099846723,0.011441507
36081011000,0.008258751,0.107067132,0.013000859
36081011100,0.022899457,0.051627181,0.003780243
36081011200,0.007432762,0.097548665,0.012258387
36081011300,0.019108508,0.061427753,0.004671516
36081011400,0.007817163,0.107033628,0.01407915
36081011500,0.040065328,0.052613694,0.004646948
36081011600,0.007453069,0.105669153,0.012786128
36081011700,0.032972068,0.047470933,0.004011589
36081011800,0.00802863,0.110118049,0.011664291
36081011900,0.026754804,0.048902966,0.004285576
36081012000,0.009073834,0.095923034,0.01154094
36081012100,0.02121628,0.047892154,0.004251878
36081012200,0.007535437,0.122827685,0.013680833
36081012301,0.016986117,0.049806427,0.003916158
36081012400,0.007916996,0.113579628,0.012558649
36081012500,0.040584888,0.045488275,0.005954953
36081012601,0.007918122,0.109641106,0.013286567
36081012602,0.008519056,0.11527628,0.013174893
36081012800,0.009123045,0.111977204,0.011630262
36081013000,0.010921072,0.096674943,0.01071465
36081013200,0.009670916,0.105041975,0.011555217
36081013400,0.011709195,0.086325908,0.011198622
36081013500,0.029121678,0.053849204,0.004483799
36081013600,0.009011018,0.085597806,0.014284747
36081013700,0.035208828,0.052201294,0.004171798
36081013800,0.009043359,0.090188555,0.015036108
36081014000,0.009266921,0.093172389,0.012972571
36081014100,0.044115028,0.054658863,0.004390968
36081014201,0.007603694,0.109025792,0.021886714
36081014202,0.007320856,0.094207929,0.018828137
36081014300,0.041825293,0.042881097,0.004377302
36081014400,0.00771376,0.120616205,0.014755221
36081014500,0.047632854,0.051195747,0.004849417
36081014700,0.048139384,0.042337601,0.005160947
36081014800,0.007136699,0.09499594,0.016517498
36081014900,0.054368757,0.038998567,0.005626932
36081015000,0.007822251,0.095786243,0.01736343
36081015100,0.056254057,0.046857655,0.00525172
36081015200,0.006146619,0.07896574,0.024073757
36081015300,0.056980037,0.043299242,0.005511895
36081015400,0.006880061,0.092082584,0.016767399
36081015500,0.057062908,0.038846116,0.006078349
36081015600,0.008213746,0.089194802,0.015857643
36081015700,0.061593197,0.031290407,0.005896426
36081015801,0.007388276,0.072987772,0.018477826
36081015802,0.008750088,0.079195862,0.012096742
36081015900,0.067873247,0.035509321,0.006492458
36081016100,0.060043933,0.041977372,0.005909412
36081016300,0.057175746,0.049261912,0.005450382
36081016400,0.008086688,0.06881812,0.01229885
36081016600,0.008355745,0.064830124,0.010817291
36081016800,0.008237894,0.065781721,0.011014329
36081016900,0.078916654,0.044699831,0.005507315
36081017000,0.008173118,0.070629466,0.012003943
36081017200,0.007623497,0.070879481,0.012419694
36081017400,0.007066587,0.065864572,0.016084687
36081017600,0.006817594,0.068047907,0.015722702
36081017800,0.007227378,0.065809896,0.016972265
36081017900,0.058279487,0.037913071,0.010846247
36081018000,0.00707427,0.059570404,0.016701731
36081018101,0.07136305,0.041362549,0.013200821
36081018102,0.081916711,0.037132852,0.011306661
36081018200,0.006606204,0.06058892,0.016672722
36081018300,0.085202059,0.037185379,0.009958696
36081018401,0.006317249,0.056530509,0.014914243
36081018402,0.006672732,0.061738242,0.015300831
36081018501,0.06604363,0.040689215,0.011009224
36081018502,0.06760436,0.037913677,0.014488878
36081018600,0.006691542,0.065313064,0.014756773
36081018700,0.056804021,0.039190002,0.008967434
36081018800,0.006259165,0.063863157,0.016776629
36081018900,0.057116646,0.047004249,0.009054353
36081019000,0.004921613,0.067359932,0.017141254
36081019200,0.006359306,0.065289713,0.017817693
36081019400,0.006150339,0.071621878,0.018771442
36081019600,0.004817596,0.072479049,0.019550274
36081019800,0.005424691,0.08128948,0.022798544
36081019900,0.047081509,0.047587115,0.015566323
36081020200,0.007140293,0.069316711,0.019842051
36081020400,0.004915995,0.081343881,0.024552071
36081020500,0.047520164,0.018032569,0.011324821
36081020600,0.006383875,0.080433785,0.021733769
36081020800,0.005234031,0.081138919,0.023966242
36081021200,0.005848301,0.08236761,0.026743256
36081021400,0.006265633,0.079540432,0.027518312
36081021600,0.00888865,0.069819108,0.015993551
36081022001,0.011075599,0.063022824,0.019675078
36081022002,0.009276418,0.064918384,0.018563909
36081023000,0.008195029,0.071818132,0.026617419
36081023200,0.007607578,0.072786652,0.025277928
36081023500,0.085841806,0.031644383,0.011461606
36081023600,0.006635485,0.07045819,0.028174161
36081023800,0.006191094,0.079219701,0.02677824
36081024000,0.005177675,0.080033685,0.027857319
36081024300,0.029585022,0.026292912,0.008548424
36081024500,0.032950555,0.028577911,0.007572274
36081024700,0.024633621,0.025896451,0.008739494
36081024900,0.043098993,0.029660453,0.008138506
36081025100,0.074287587,0.03365256,0.007417701
36081025301,0.081561026,0.042027017,0.00726389
36081025302,0.079518297,0.037957852,0.006507145
36081025400,0.004842267,0.078608075,0.019872559
36081025500,0.061742461,0.051545057,0.005656845
36081025700,0.060785901,0.045831998,0.006418644
36081025800,0.003928222,0.076824191,0.019905749
36081025900,0.065732462,0.035909439,0.007387626
36081026000,0.004570957,0.075667587,0.020883059
36081026100,0.058496157,0.031409087,0.007363235
36081026200,0.005338865,0.074324567,0.017643459
36081026300,0.030688362,0.02709769,0.008644842
36081026400,0.004233323,0.072021551,0.018371276
36081026500,0.022485749,0.024040719,0.0078173
36081026600,0.004318329,0.073650473,0.020656549
36081026700,0.01544033,0.020919982,0.008503882
36081026901,0.013184803,0.018740894,0.008057668
36081026902,0.013585474,0.017954289,0.008740972
36081027000,0.004577024,0.070556738,0.018306942
36081027100,0.013212263,0.021238811,0.006477854
36081027200,0.005207474,0.064035312,0.015050152
36081027300,0.015380758,0.01682203,0.006176259
36081027400,0.004582105,0.067309389,0.016184939
36081027500,0.013762455,0.01602656,0.007315954
36081027600,0.004504134,0.067221624,0.018776552
36081027700,0.013893751,0.016913245,0.008079769
36081027800,0.005066589,0.06819282,0.018141654
36081027900,0.014487321,0.016917967,0.008607609
36081028000,0.004800209,0.073582618,0.018879105
36081028100,0.014583339,0.017471545,0.007667137
36081028200,0.005039059,0.072690949,0.020149078
36081028300,0.016823114,0.017521974,0.00791621
36081028400,0.004678044,0.069270542,0.018042504
36081028500,0.018496665,0.018916004,0.007939093
36081028700,0.021318349,0.0195912,0.008289858
36081028800,0.005472767,0.064394463,0.015650256
36081028900,0.031196233,0.026551631,0.008132774
36081029100,0.042912154,0.029778186,0.007501607
36081029300,0.055226681,0.042754055,0.005985971
36081029400,0.005714746,0.055633524,0.014445453
36081029500,0.052531495,0.048449685,0.005515965
36081029700,0.047460393,0.048693748,0.005344489
36081030600,0.006095868,0.056862152,0.010486363
36081030902,0.035755694,0.052299682,0.005895985
36081030903,0.031921586,0.026475405,0.006876537
36081030904,0.021468635,0.04299429,0.005362797
36081031700,0.020014063,0.055735566,0.004573668
36081032000,0.005825647,0.055489583,0.010571608
36081032700,0.02454814,0.021773833,0.006487137
36081032800,0.005277134,0.07050803,0.017905657
36081032900,0.01544487,0.02167729,0.006906296
36081033000,0.005183122,0.065960868,0.017292135
36081033401,0.005083732,0.068093415,0.019089407
36081033402,0.004976613,0.061765363,0.018116958
36081033700,0.016971581,0.017722866,0.007220305
36081033900,0.013716218,0.01535303,0.007861876
36081034700,0.012347829,0.020118746,0.00567814
36081035100,0.012864165,0.015114817,0.00718751
36081035200,0.005227501,0.078262759,0.023702215
36081035300,0.013533301,0.01434885,0.00675859
36081035700,0.010131585,0.020171603,0.004913143
36081035800,0.005258327,0.072291118,0.024246827
36081036100,0.014244748,0.014849685,0.006374931
36081036300,0.014337702,0.014511488,0.005961929
36081036500,0.014189647,0.015336684,0.005776513
36081036600,0.004314141,0.080344284,0.023387022
36081036700,0.014139047,0.015957981,0.005442956
36081036800,0.004582582,0.077751364,0.023180198
36081037100,0.013646682,0.015472074,0.005780084
36081037300,0.012515798,0.015764371,0.005395956
36081037500,0.018650963,0.015299135,0.005511543
36081037600,0.004104218,0.085787599,0.025846553
36081037700,0.017647248,0.016657201,0.006055147
36081037900,0.016684676,0.015125452,0.005950626
36081038100,0.014077914,0.01451709,0.00572445
36081038400,0.003765818,0.084459053,0.023884697
36081039400,0.003791697,0.085934947,0.025035417
36081039800,0.003978473,0.084356108,0.025154541
36081039900,0.014859613,0.014079194,0.005988151
36081040000,0.003756684,0.09148297,0.023979655
36081040100,0.014566157,0.013117885,0.006054165
36081040200,0.00393405,0.091895714,0.024620836
36081040300,0.015428574,0.015832683,0.005826746
36081040400,0.003824487,0.086272608,0.029525845
36081040500,0.017166556,0.017106444,0.006343005
36081040700,0.019148608,0.017208782,0.006306193
36081040900,0.018157462,0.015984677,0.005804855
36081041100,0.018384977,0.016287512,0.006643788
36081041300,0.016941396,0.014686793,0.006055159
36081041400,0.004490575,0.083938351,0.024487854
36081041500,0.013933038,0.013531518,0.006129425
36081042400,0.004020714,0.08614801,0.025247522
36081042700,0.014136975,0.013350913,0.006331088
36081043200,0.0046109,0.077381785,0.021959715
36081043400,0.004461789,0.080156885,0.02347519
36081043701,0.014315707,0.012297439,0.007337449
36081043702,0.015317505,0.012482166,0.007405541
36081043900,0.014359307,0.01439201,0.006393382
36081044000,0.004380912,0.08782334,0.025764022
36081044301,0.013339546,0.012948725,0.006370246
36081044302,0.014859957,0.013440112,0.006762881
36081044400,0.003927858,0.087643909,0.030424415
36081044601,0.005070251,0.080081743,0.027559356
36081044602,0.006292021,0.072716224,0.028505283
36081044800,0.00753904,0.065446228,0.027903184
36081045000,0.007943232,0.0757982,0.027862037
36081045200,0.007339551,0.070615324,0.027679283
36081045400,0.00710635,0.072334051,0.02857263
36081045600,0.00771725,0.071599375,0.025545358
36081045700,0.015592055,0.017629833,0.00706434
36081045800,0.007371658,0.071664692,0.025715632
36081045900,0.019985106,0.017789845,0.006556189
36081046000,0.005943176,0.074617129,0.027305896
36081046100,0.016845327,0.017534771,0.007013212
36081046200,0.006185004,0.069855374,0.030504933
36081046300,0.018598044,0.015738838,0.00671227
36081046400,0.007117059,0.071011786,0.028913751
36081046500,0.020405692,0.016886171,0.005804005
36081046600,0.006341247,0.069910658,0.032517209
36081046700,0.017659083,0.020216852,0.006377647
36081046800,0.004929534,0.077654605,0.032333923
36081046900,0.01358363,0.021325109,0.006986909
36081047000,0.005380108,0.082236289,0.035764367
36081047100,0.015019924,0.022565569,0.007583024
36081047200,0.006618693,0.08109519,0.036020867
36081047300,0.015135238,0.021282799,0.008095406
36081047500,0.01385959,0.021663523,0.008437101
36081047600,0.007213021,0.081693831,0.035433026
36081047800,0.005912282,0.079643202,0.034917317
36081047900,0.014719491,0.021069452,0.008486347
36081048000,0.005613388,0.08567429,0.034717967
36081048100,0.015474529,0.020913392,0.007720253
36081048200,0.005165304,0.085552315,0.034828303
36081048300,0.022118723,0.024341318,0.008101151
36081048400,0.005959865,0.081845789,0.031474003
36081048500,0.014530419,0.022484007,0.008536294
36081048900,0.025851223,0.023806422,0.008062555
36081049200,0.006303258,0.075138634,0.030585235
36081049301,0.035958382,0.024602174,0.009888083
36081049302,0.037585063,0.018201496,0.010848659
36081049500,0.0308349,0.018919944,0.011443446
36081049600,0.005789697,0.079599064,0.030576439
36081049700,0.024908,0.021758481,0.01000346
36081049900,0.015674307,0.018175245,0.010067388
36081050000,0.004179826,0.091036721,0.030811775
36081050201,0.004182062,0.091804166,0.03143224
36081050202,0.003867781,0.094019545,0.031189086
36081050400,0.003936882,0.09373838,0.029115757
36081050500,0.01163074,0.0249576,0.009120797
36081050600,0.003863902,0.094852917,0.029970155
36081050700,0.015100523,0.02206579,0.010152455
36081050800,0.004413878,0.090809153,0.028853008
36081051000,0.004242462,0.090733402,0.027765525
36081051100,0.047424699,0.016142938,0.011833999
36081051200,0.004597345,0.090588491,0.027625368
36081051300,0.036855012,0.022029601,0.009607509
36081051500,0.039739124,0.017269657,0.010656027
36081051600,0.00462982,0.090266371,0.026846393
36081051700,0.04093405,0.015944501,0.012596864
36081051800,0.004030815,0.086095609,0.026914129
36081052000,0.003120806,0.092860241,0.026256087
36081052100,0.036433904,0.015895006,0.013550529
36081052200,0.003659951,0.092525776,0.026026323
36081052400,0.004144219,0.090021954,0.025537546
36081052500,0.023319342,0.012272504,0.012746618
36081052600,0.003851224,0.090070941,0.024179102
36081052800,0.003993406,0.085583677,0.025485184
36081053000,0.003286537,0.090718614,0.024279393
36081053100,0.025793744,0.020112074,0.012422812
36081053200,0.004520936,0.0887457,0.0267383
36081053401,0.003971884,0.088795872,0.027060691
36081053500,0.021171448,0.013916116,0.010605133
36081053601,0.004143396,0.090332137,0.028083352
36081053800,0.004091476,0.092987666,0.029210944
36081053900,0.018842053,0.016245944,0.012653007
36081054000,0.004566643,0.095075057,0.027561656
36081054200,0.006103919,0.075529668,0.030161502
36081054500,0.022985799,0.02039789,0.01254017
36081054700,0.018108249,0.016758394,0.016865193
36081054800,0.006203028,0.073089601,0.028891351
36081054900,0.017246308,0.017612868,0.01510152
36081055100,0.022163377,0.020043362,0.01582897
36081055200,0.008732789,0.07394543,0.027089091
36081055300,0.014432082,0.020943671,0.012632637
36081055400,0.007597163,0.078819282,0.025844014
36081055500,0.015169993,0.019585718,0.012056852
36081055600,0.007063643,0.080993786,0.025900788
36081055700,0.013935736,0.020514182,0.010210449
36081055800,0.006431836,0.073663778,0.028823889
36081055900,0.013542303,0.019992766,0.010745084
36081056000,0.007156978,0.079629547,0.025949283
36081056100,0.010429456,0.020398011,0.007225576
36081056200,0.006499389,0.077345156,0.026043159
36081056400,0.006632116,0.079865542,0.028441121
36081056500,0.012059846,0.026121509,0.0091151
36081056600,0.006882326,0.076921133,0.028912338
36081056700,0.012366614,0.020859601,0.009525855
36081056800,0.004270358,0.0947544,0.028491621
36081057700,0.012774975,0.015449413,0.012206545
36081057900,0.013340271,0.021526755,0.010806046
36081058000,0.003301992,0.095609665,0.028486069
36081058100,0.022132573,0.018668421,0.010113347
36081058200,0.004180411,0.090968958,0.028358758
36081058300,0.020749261,0.015958314,0.011123129
36081058500,0.019593869,0.016265791,0.011770752
36081058700,0.022301455,0.01908847,0.013642168
36081058900,0.01946526,0.02164631,0.012756443
36081059000,0.00407387,0.090034549,0.027623585
36081059100,0.018746789,0.017412817,0.014757533
36081059200,0.004179663,0.088825993,0.02776071
36081059300,0.022546677,0.018068626,0.012765981
36081059400,0.004234928,0.087823098,0.027135497
36081059500,0.019131991,0.014229281,0.014547137
36081059600,0.00392263,0.089130859,0.026728978
36081059800,0.004114434,0.086065205,0.027339919
36081059900,0.030372953,0.01658648,0.013460845
36081060000,0.003736989,0.088369943,0.026148544
36081060100,0.024784226,0.017793505,0.014694849
36081060300,0.026864429,0.018423631,0.014914028
36081060600,0.003968688,0.085107892,0.025533369
36081060800,0.004311781,0.082723406,0.025540793
36081061000,0.003872429,0.082963107,0.023975858
36081061200,0.004431147,0.083701756,0.023200364
36081061301,0.02422698,0.027391098,0.013259493
36081061400,0.004268717,0.080500613,0.023608808
36081061601,0.004547013,0.083023835,0.022633172
36081061602,0.005299098,0.07976827,0.023265538
36081061800,0.00521655,0.082773138,0.024568709
36081061900,0.012776929,0.022356407,0.016373702
36081062000,0.004374588,0.079105599,0.02245379
36081062100,0.013354743,0.026615781,0.014407828
36081062200,0.004020984,0.085912394,0.02658414
36081062300,0.012117802,0.021194382,0.012141552
36081062500,0.012073265,0.017891203,0.012634591
36081062600,0.004848945,0.077036011,0.024713831
36081062700,0.014013267,0.025978291,0.013179652
36081062900,0.011116589,0.017294127,0.011006898
36081063000,0.004499812,0.078275856,0.024126661
36081063200,0.005168346,0.078376856,0.026461111
36081063301,0.011688773,0.026976254,0.012593329
36081063302,0.012216781,0.024424812,0.013689301
36081063500,0.013432179,0.028946695,0.013007106
36081063700,0.016442717,0.031674183,0.016427086
36081063800,0.005161004,0.077797587,0.023151783
36081063900,0.01451869,0.045247911,0.017266149
36081064101,0.012347278,0.084215993,0.014253781
36081064500,0.015617142,0.0360594,0.019449107
36081064600,0.006555175,0.072954509,0.022232618
36081065000,0.006057488,0.073056394,0.021416894
36081065400,0.005347768,0.072219924,0.017366177
36081065600,0.005523873,0.076704547,0.019703947
36081065702,0.013689696,0.019442771,0.012792219
36081065703,0.011413857,0.02284773,0.012601662
36081065900,0.013418089,0.019936609,0.012574844
36081066000,0.005947274,0.070031844,0.017967742
36081066100,0.012780193,0.020216588,0.011686271
36081066300,0.012486445,0.022747373,0.012443888
36081066400,0.006217286,0.059191365,0.016572185
36081066501,0.018778813,0.023827549,0.014879363
36081066701,0.0278464,0.018902053,0.012139294
36081066900,0.020703274,0.019375045,0.013264726
36081067100,0.011992123,0.024900885,0.010050139
36081067700,0.012281327,0.021854509,0.013401352
36081067900,0.013468627,0.021111682,0.011705431
36081068000,0.005812709,0.06596608,0.013915477
36081068200,0.005817558,0.069887784,0.020133514
36081068300,0.015768377,0.01549671,0.007605286
36081068700,0.013788665,0.018488348,0.009065177
36081069000,0.00632148,0.059212763,0.013160607
36081069300,0.01596351,0.01779756,0.009887578
36081069400,0.006423089,0.061777702,0.014053402
36081069500,0.013158206,0.018665224,0.010953128
36081069701,0.01566127,0.017642982,0.00960438
36081069702,0.014623159,0.020566362,0.01343932
36081070300,0.013108331,0.014528143,0.014742351
36081070700,0.013027912,0.017845465,0.013651209
36081070900,0.013787188,0.017577894,0.015165464
36081071100,0.013233777,0.019176365,0.012904628
36081071303,0.015257875,0.01630261,0.011612652
36081071304,0.01659484,0.01693613,0.01044641
36081071305,0.013953324,0.017714189,0.012919738
36081071306,0.014909851,0.016894079,0.011426842
36081071701,0.017559122,0.012722675,0.008710548
36081071702,0.016248206,0.01323576,0.008384934
36081071900,0.014428953,0.011932071,0.008044357
36081072100,0.016466944,0.016483624,0.008574277
36081072300,0.016322496,0.0225318,0.016449616
36081072900,0.016087478,0.027759356,0.017800608
36081073100,0.015924359,0.030024607,0.017059213
36081073700,0.01474692,0.025728321,0.015246488
36081073900,0.014887333,0.015810122,0.01162107
36081074100,0.013657615,0.016338329,0.010099701
36081074300,0.012248119,0.01384172,0.008206846
36081074500,0.01296333,0.013312892,0.007380537
36081074700,0.014172711,0.013702028,0.0081583
36081074900,0.015338519,0.03136275,0.018736898
36081075701,0.013453858,0.032276779,0.01642696
36081075702,0.014099147,0.018888817,0.015877557
36081076901,0.017050316,0.033589308,0.016807261
36081076902,0.011793095,0.031311366,0.014450454
36081077300,0.012329081,0.04515034,0.014454033
36081077500,0.012259766,0.05839695,0.014509956
36081077902,0.010346648,0.036957431,0.013683056
36081077903,0.011656648,0.040216776,0.017060495
36081077904,0.009769526,0.052190442,0.014879343
36081077905,0.00993593,0.064664497,0.021259542
36081077906,0.008680433,0.038875782,0.012725403
36081077907,0.007796214,0.041287912,0.014413098
36081077908,0.006389519,0.051136492,0.012116954
36081078800,0.007017931,0.059499539,0.013723353
36081079000,0.006820814,0.055092522,0.017971287
36081079200,0.00736933,0.054649647,0.0203196
36081079701,0.008291678,0.012343617,0.007063352
36081079702,0.00896091,0.013868414,0.007562957
36081079900,0.009573046,0.013041213,0.007481864
36081080301,0.009059281,0.013339444,0.008074226
36081080302,0.00818217,0.016763628,0.0094343
36081080900,0.008880285,0.029999556,0.009835134
36081081400,0.00714106,0.056361076,0.020181224
36081081800,0.007796422,0.063368461,0.019350863
36081083700,0.009069584,0.019926115,0.00738824
36081083800,0.007903762,0.054089866,0.012456674
36081084000,0.007979157,0.059736902,0.011661421
36081084500,0.008614052,0.015562203,0.008045504
36081084601,0.007481104,0.055601351,0.01204573
36081084602,0.007445464,0.059791433,0.013197842
36081084900,0.00958998,0.011768004,0.006853712
36081085300,0.008846838,0.012007678,0.006902096
36081085500,0.009161231,0.01244539,0.006994816
36081085700,0.009139031,0.013126422,0.00767905
36081085900,0.009258367,0.01354695,0.007302539
36081086100,0.009639628,0.016583801,0.007806844
36081086300,0.008079682,0.012952085,0.007422182
36081086400,0.00830572,0.076922358,0.010281508
36081086500,0.00824718,0.011861702,0.006498683
36081086900,0.007148102,0.015802342,0.005167507
36081087100,0.009318989,0.012342349,0.006946765
36081088400,0.009317198,0.077157814,0.016025152
36081088901,0.004888528,0.020872178,0.004121291
36081089200,0.012312392,0.040913662,0.019207437
36081090700,0.00612358,0.021775769,0.003964736
36081091601,0.007109904,0.096031936,0.042692497
36081091900,0.005775906,0.026139344,0.003726484
36081092200,0.005835698,0.118152748,0.038895752
36081092500,0.004631107,0.027916537,0.003422782
36081092800,0.006157927,0.118581942,0.039272278
36081092900,0.004512165,0.027065843,0.002590383
36081093401,0.005976274,0.125375231,0.038159234
36081093402,0.00670858,0.137691812,0.042646112
36081093800,0.008817292,0.145547879,0.025798843
36081093900,0.004540079,0.039904832,0.002776391
36081094201,0.009763737,0.131334457,0.019220666
36081094202,0.010178245,0.117817812,0.034028721
36081094203,0.009524812,0.128414419,0.031941982
36081094500,0.005338747,0.03659637,0.004457859
36081094700,0.005201581,0.037207685,0.003583449
36081095400,0.010922714,0.110656137,0.054860187
36081096400,0.011532517,0.093112434,0.045343571
36081097203,0.014244935,0.052498,0.02431734
36081097204,0.013019017,0.072310514,0.030408359
36081097300,0.005433613,0.031289948,0.004001698
36081098100,0.00568172,0.034442349,0.004253581
36081098700,0.005037963,0.02588619,0.004199565
36081099100,0.005339026,0.025999284,0.003975735
36081099200,0.014026903,0.061166168,0.027219401
36081099701,0.007276383,0.029065382,0.007537558
36081099703,0.008882379,0.05327817,0.015191063
36081099704,0.008024565,0.044889278,0.009555453
36081099705,0.005468644,0.030778776,0.006054406
36081099801,0.011350573,0.04722931,0.027079473
36081099802,0.012324034,0.047673255,0.029926089
36081100801,0.009582165,0.035767563,0.029775973
36081100802,0.011232132,0.045164811,0.026852441
36081101001,0.011310967,0.03900432,0.027704983
36081101002,0.008989614,0.036999635,0.028491526
36081101700,0.006346391,0.019964029,0.004699265
36081102900,0.005070344,0.022605352,0.003773224
36081103201,0.008731434,0.037503005,0.027508868
36081103202,0.008932935,0.038222098,0.029625152
36081103300,0.005229005,0.013915061,0.004254135
36081103900,0.004959804,0.035342706,0.003737506
36081104700,0.005249096,0.015453334,0.004333367
36081105900,0.006620786,0.014815804,0.004642753
36081107201,0.010534652,0.112755881,0.045668941
36081108500,0.009273221,0.04586955,0.0109913
36081109300,0.008436932,0.050646529,0.012723589
36081109700,0.009609875,0.048080241,0.009503696
36081109900,0.011330509,0.055989736,0.014103617
36081111300,0.00822404,0.070306226,0.010096305
36081112300,0.010407972,0.064417716,0.008714495
36081112900,0.009454467,0.058845673,0.007994389
36081113300,0.009506192,0.050825612,0.008290584
36081113900,0.009619506,0.051280622,0.013368465
36081114100,0.008584538,0.037780218,0.009863106
36081114700,0.008103567,0.032524578,0.008051584
36081115100,0.007244296,0.025043775,0.007085896
36081115500,0.007293333,0.018039484,0.006283789
36081115700,0.006714358,0.013698745,0.006291188
36081115900,0.006348463,0.012916809,0.004846265
36081116100,0.006676253,0.012085118,0.004807918
36081116300,0.008268147,0.012671284,0.006007088
36081116700,0.008243404,0.022037074,0.007401627
36081117100,0.009072021,0.029596172,0.006941724
36081117500,0.010289122,0.054464369,0.015907415
36081118100,0.009629642,0.049088306,0.009033596
36081118500,0.00970273,0.037803175,0.008943442
36081118700,0.008245286,0.023640048,0.006553546
36081118900,0.007835641,0.024930546,0.006860567
36081119100,0.010064378,0.033280757,0.007149219
36081119300,0.008726407,0.047989365,0.013284372
36081119500,0.008904708,0.050763611,0.011565802
36081119900,0.009831003,0.025964631,0.006501862
36081120100,0.008735077,0.023361222,0.007015442
36081120300,0.008939484,0.026759743,0.006816032
36081120500,0.009068813,0.019322289,0.007449359
36081120700,0.008580483,0.050752656,0.010347202
36081121500,0.006297893,0.047341711,0.012282362
36081122300,0.006788429,0.06507428,0.011286767
36081122701,0.006545804,0.051144152,0.012020646
36081122702,0.006498008,0.040727615,0.01408328
36081124100,0.007199855,0.072348869,0.013527427
36081124700,0.006411314,0.073463177,0.016894799
36081125700,0.010303938,0.066466578,0.013193611
36081126500,0.009685307,0.067119576,0.019776961
36081126700,0.008441927,0.080504937,0.022990084
36081127700,0.010018736,0.080733006,0.027399152
36081129102,0.010054967,0.072289854,0.025778752
36081129103,0.008840578,0.072972182,0.025336128
36081129104,0.00894779,0.070451875,0.023102626
36081130100,0.008075865,0.073335848,0.023934921
36081133300,0.008428861,0.083597595,0.026005889
36081133900,0.008510015,0.082435494,0.022453077
36081134100,0.006922071,0.069481474,0.013306007
36081134700,0.007978209,0.076637687,0.023743913
36081136700,0.009113673,0.076266225,0.025883988
36081137700,0.008788922,0.07597697,0.024624941
36081138501,0.009364788,0.07940846,0.02542398
36081139900,0.009777842,0.083522307,0.0238978
36081140300,0.009556373,0.076622594,0.022382321
36081140901,0.008947333,0.075731575,0.020192089
36081140902,0.008422923,0.067977173,0.012619408
36081141700,0.008087073,0.064805611,0.009372883
36081142900,0.008284798,0.059046356,0.007883839
36081143500,0.008009606,0.070471758,0.016852832
36081144100,0.008702996,0.078528471,0.020079923
36081144700,0.008072598,0.065663099,0.009925723
36081145101,0.008163632,0.059123944,0.007367873
36081145102,0.00775371,0.063569226,0.010407953
36081145900,0.009453291,0.052764586,0.009107687
36081146300,0.008855646,0.059883249,0.007158351
36081146700,0.010400598,0.068348042,0.009439255
36081147100,0.008635056,0.069834941,0.015183646
36081147900,0.008866821,0.078138008,0.020986762
36081148300,0.008650162,0.079930235,0.015421781
36081150701,0.00936857,0.077120819,0.023654913
36081150702,0.009542595,0.078645966,0.022358579
36081152901,0.008349146,0.077701888,0.02319999
36081152902,0.009085926,0.076421274,0.023014348
36081155101,0.009043174,0.075260274,0.022340291
36081155102,0.009555412,0.073990084,0.020798628
36081156700,0.010071752,0.072521693,0.022693177
36081157101,0.008290342,0.076483224,0.021670339
36081157102,0.007900788,0.07754822,0.022089816
36081157901,0.008233179,0.074889448,0.019340221
36081157902,0.008042207,0.078145558,0.020369441
36081157903,0.00664175,0.078205189,0.021647665
36081161700,0.006382161,0.074980835,0.024898646
36081162100,0.00644662,0.078934494,0.024058049
36085000300,0.01570442,0.031858301,0.014410747
36085000600,0.013680864,0.028807084,0.01431346
36085000700,0.011591799,0.026719353,0.011597003
36085000800,0.011236485,0.024305257,0.012564643
36085000900,0.012209273,0.025613447,0.010783938
36085001100,0.011142334,0.024034934,0.012337056
36085001700,0.010899074,0.024632706,0.011975982
36085002001,0.00963596,0.022108564,0.010414878
36085002002,0.009693685,0.02336018,0.010856923
36085002100,0.010503707,0.026554826,0.016146039
36085002700,0.010249827,0.020573624,0.010969615
36085002900,0.009629811,0.019884534,0.010088398
36085003300,0.009555627,0.02067542,0.009538921
36085003600,0.0097004,0.01891652,0.008696963
36085003900,0.011217521,0.019618663,0.010407916
36085004000,0.009139745,0.02000706,0.008728659
36085004700,0.01058385,0.019643627,0.00900537
36085005000,0.009411064,0.02094112,0.007514376
36085005900,0.010721346,0.019433322,0.009716991
36085006400,0.009195698,0.020807533,0.007559487
36085006700,0.011845107,0.022781582,0.010991744
36085007000,0.010573579,0.024030055,0.00754255
36085007400,0.010756654,0.024679766,0.009815629
36085007500,0.011010626,0.022665532,0.010001693
36085007700,0.01142188,0.023013675,0.010937898
36085008100,0.011373224,0.024507308,0.011150288
36085009601,0.008689226,0.022200774,0.007347459
36085009602,0.010598406,0.02364823,0.006615593
36085009700,0.012152026,0.0253547,0.009867529
36085010500,0.01235603,0.024839083,0.010057344
36085011201,0.011584848,0.027228473,0.007098436
36085011202,0.011871045,0.028985441,0.008133431
36085011401,0.010901692,0.025887611,0.007330963
36085011402,0.012051588,0.026968678,0.00850847
36085012100,0.011133716,0.020792594,0.009692965
36085012200,0.012418114,0.02650131,0.008865566
36085012500,0.012118841,0.022079421,0.009870634
36085012804,0.013891054,0.031549075,0.007545917
36085012805,0.015639921,0.03720087,0.008835348
36085012806,0.014844439,0.03502324,0.008237274
36085013201,0.01374014,0.031333501,0.010346428
36085013203,0.014083413,0.03391119,0.009276418
36085013204,0.014590498,0.030547272,0.010469668
36085013302,0.013890677,0.025174947,0.010329335
36085013400,0.013952434,0.0297191,0.009394736
36085013800,0.013623117,0.028822702,0.009619231
36085014100,0.014512422,0.021985337,0.009897512
36085014604,0.015269732,0.031610603,0.010079008
36085014605,0.014650863,0.030340462,0.009537362
36085014606,0.013912211,0.028843617,0.009156009
36085014607,0.013661089,0.028254488,0.008250019
36085014608,0.013597572,0.029186389,0.008180875
36085014700,0.012626651,0.020959066,0.010327188
36085015100,0.01424089,0.019758707,0.010746427
36085015601,0.013992964,0.033777215,0.008410553
36085015602,0.014939559,0.035026328,0.00818798
36085015603,0.015346417,0.035696849,0.009036073
36085016901,0.011893784,0.020345284,0.010277389
36085017005,0.013707895,0.033607288,0.010396933
36085017007,0.014554738,0.029029895,0.009743644
36085017008,0.013104432,0.02840472,0.010472819
36085017009,0.015364517,0.031946838,0.009576126
36085017010,0.013785603,0.02882321,0.01029956
36085017011,0.014083359,0.032983285,0.009779966
36085017012,0.013713025,0.029901126,0.008583929
36085017300,0.013088228,0.018574351,0.008624412
36085017600,0.015032634,0.036175878,0.008330345
36085017700,0.012051482,0.020042989,0.008282262
36085018100,0.012798178,0.027263799,0.008537271
36085018701,0.013725059,0.018889736,0.009750669
36085018702,0.013801905,0.019481521,0.009700217
36085018901,0.014494792,0.021971557,0.010380234
36085018902,0.013964392,0.019793911,0.009675004
36085019700,0.014091899,0.021482523,0.011156688
36085019800,0.016304021,0.035637825,0.008744291
36085020100,0.014874277,0.022458446,0.010058022
36085020700,0.016335417,0.023497529,0.00906919
36085020801,0.013647134,0.029810114,0.011072184
36085020803,0.0147249,0.033614155,0.010220377
36085020804,0.014579481,0.032156137,0.009777157
36085021300,0.016369721,0.022630617,0.011172556
36085022300,0.019899501,0.025059685,0.010446403
36085022600,0.012952956,0.029060859,0.010502462
36085023100,0.017741409,0.024704719,0.011915301
36085023900,0.016760215,0.022272213,0.012310957
36085024401,0.015002207,0.034534371,0.008529671
36085024402,0.015737744,0.035057635,0.008869047
36085024700,0.015286941,0.021491072,0.010137618
36085024800,0.01482413,0.034227371,0.009211101
36085025100,0.015270987,0.020473647,0.01156425
36085027301,0.016218308,0.01875522,0.010750079
36085027302,0.015149866,0.020051717,0.011639396
36085027702,0.015066619,0.026468157,0.010575267
36085027704,0.014365674,0.025592919,0.009999292
36085027705,0.014752984,0.023330751,0.011236262
36085027706,0.015892866,0.021288195,0.010362138
36085027900,0.01422477,0.026940981,0.009478445
36085029102,0.01720544,0.020937572,0.011419598
36085029103,0.01607773,0.020942472,0.011281098
36085029104,0.017007807,0.020962836,0.012774333
36085030301,0.017076718,0.022044959,0.012553693
36085030302,0.016898077,0.023579485,0.012675789
36085031901,0.018954887,0.02377374,0.012712976
36085031902,0.02051529,0.025505481,0.010206109
36085032300,0.023107566,0.026861459,0.012760796
